index,fichier,famille,categorie_technique,hexagramme,page
0,motif-000-bases-yang-yang-mut-n0-violet-magenta.png,X1,bases:yang_mut,0,motifs/bases-yang-mut-h0.html
1,motif-001-bases-yang-yang-mut-n1-violet-magenta.png,X1,bases:yang_mut,1,motifs/bases-yang-mut-h1.html
2,motif-002-bases-yang-yang-mut-n2-violet-magenta.png,X1,bases:yang_mut,2,motifs/bases-yang-mut-h2.html
3,motif-003-bases-yang-yang-mut-n3-violet-magenta.png,X1,bases:yang_mut,3,motifs/bases-yang-mut-h3.html
4,motif-004-bases-yang-yang-mut-n4-violet-magenta.png,X1,bases:yang_mut,4,motifs/bases-yang-mut-h4.html
5,motif-005-bases-yang-yang-mut-n5-violet-magenta.png,X1,bases:yang_mut,5,motifs/bases-yang-mut-h5.html
6,motif-006-bases-yang-yang-mut-n6-violet-magenta.png,X1,bases:yang_mut,6,motifs/bases-yang-mut-h6.html
7,motif-007-bases-yang-yang-mut-n7-violet-magenta.png,X1,bases:yang_mut,7,motifs/bases-yang-mut-h7.html
8,motif-008-bases-yang-yang-mut-n8-violet-magenta.png,X1,bases:yang_mut,8,motifs/bases-yang-mut-h8.html
9,motif-009-bases-yang-yang-mut-n9-violet-magenta.png,X1,bases:yang_mut,9,motifs/bases-yang-mut-h9.html
10,motif-010-bases-yang-yang-mut-n10-violet-magenta.png,X1,bases:yang_mut,10,motifs/bases-yang-mut-h10.html
11,motif-011-bases-yang-yang-mut-n11-violet-magenta.png,X1,bases:yang_mut,11,motifs/bases-yang-mut-h11.html
12,motif-012-bases-yang-yang-mut-n12-violet-magenta.png,X1,bases:yang_mut,12,motifs/bases-yang-mut-h12.html
13,motif-013-bases-yang-yang-mut-n13-violet-magenta.png,X1,bases:yang_mut,13,motifs/bases-yang-mut-h13.html
14,motif-014-bases-yang-yang-mut-n14-violet-magenta.png,X1,bases:yang_mut,14,motifs/bases-yang-mut-h14.html
15,motif-015-bases-yang-yang-mut-n15-violet-magenta.png,X1,bases:yang_mut,15,motifs/bases-yang-mut-h15.html
16,motif-016-bases-yang-yang-mut-n16-violet-magenta.png,X1,bases:yang_mut,16,motifs/bases-yang-mut-h16.html
17,motif-017-bases-yang-yang-mut-n17-violet-magenta.png,X1,bases:yang_mut,17,motifs/bases-yang-mut-h17.html
18,motif-018-bases-yang-yang-mut-n18-violet-magenta.png,X1,bases:yang_mut,18,motifs/bases-yang-mut-h18.html
19,motif-019-bases-yang-yang-mut-n19-violet-magenta.png,X1,bases:yang_mut,19,motifs/bases-yang-mut-h19.html
20,motif-020-bases-yang-yang-mut-n20-violet-magenta.png,X1,bases:yang_mut,20,motifs/bases-yang-mut-h20.html
21,motif-021-bases-yang-yang-mut-n21-violet-magenta.png,X1,bases:yang_mut,21,motifs/bases-yang-mut-h21.html
22,motif-022-bases-yang-yang-mut-n22-violet-magenta.png,X1,bases:yang_mut,22,motifs/bases-yang-mut-h22.html
23,motif-023-bases-yang-yang-mut-n23-violet-magenta.png,X1,bases:yang_mut,23,motifs/bases-yang-mut-h23.html
24,motif-024-bases-yang-yang-mut-n24-violet-magenta.png,X1,bases:yang_mut,24,motifs/bases-yang-mut-h24.html
25,motif-025-bases-yang-yang-mut-n25-violet-magenta.png,X1,bases:yang_mut,25,motifs/bases-yang-mut-h25.html
26,motif-026-bases-yang-yang-mut-n26-violet-magenta.png,X1,bases:yang_mut,26,motifs/bases-yang-mut-h26.html
27,motif-027-bases-yang-yang-mut-n27-violet-magenta.png,X1,bases:yang_mut,27,motifs/bases-yang-mut-h27.html
28,motif-028-bases-yang-yang-mut-n28-violet-magenta.png,X1,bases:yang_mut,28,motifs/bases-yang-mut-h28.html
29,motif-029-bases-yang-yang-mut-n29-violet-magenta.png,X1,bases:yang_mut,29,motifs/bases-yang-mut-h29.html
30,motif-030-bases-yang-yang-mut-n30-violet-magenta.png,X1,bases:yang_mut,30,motifs/bases-yang-mut-h30.html
31,motif-031-bases-yang-yang-mut-n31-violet-magenta.png,X1,bases:yang_mut,31,motifs/bases-yang-mut-h31.html
32,motif-032-bases-yang-yang-mut-n32-violet-magenta.png,X1,bases:yang_mut,32,
33,motif-033-bases-yang-yang-mut-n33-violet-magenta.png,X1,bases:yang_mut,33,
34,motif-034-bases-yang-yang-mut-n34-violet-magenta.png,X1,bases:yang_mut,34,
35,motif-035-bases-yang-yang-mut-n35-violet-magenta.png,X1,bases:yang_mut,35,
36,motif-036-bases-yang-yang-mut-n36-violet-magenta.png,X1,bases:yang_mut,36,
37,motif-037-bases-yang-yang-mut-n37-violet-magenta.png,X1,bases:yang_mut,37,
38,motif-038-bases-yang-yang-mut-n38-violet-magenta.png,X1,bases:yang_mut,38,
39,motif-039-bases-yang-yang-mut-n39-violet-magenta.png,X1,bases:yang_mut,39,
40,motif-040-bases-yang-yang-mut-n40-violet-magenta.png,X1,bases:yang_mut,40,
41,motif-041-bases-yang-yang-mut-n41-violet-magenta.png,X1,bases:yang_mut,41,
42,motif-042-bases-yang-yang-mut-n42-violet-magenta.png,X1,bases:yang_mut,42,
43,motif-043-bases-yang-yang-mut-n43-violet-magenta.png,X1,bases:yang_mut,43,
44,motif-044-bases-yang-yang-mut-n44-violet-magenta.png,X1,bases:yang_mut,44,
45,motif-045-bases-yang-yang-mut-n45-violet-magenta.png,X1,bases:yang_mut,45,
46,motif-046-bases-yang-yang-mut-n46-violet-magenta.png,X1,bases:yang_mut,46,
47,motif-047-bases-yang-yang-mut-n47-violet-magenta.png,X1,bases:yang_mut,47,
48,motif-048-bases-yang-yang-mut-n48-violet-magenta.png,X1,bases:yang_mut,48,
49,motif-049-bases-yang-yang-mut-n49-violet-magenta.png,X1,bases:yang_mut,49,
50,motif-050-bases-yang-yang-mut-n50-violet-magenta.png,X1,bases:yang_mut,50,
51,motif-051-bases-yang-yang-mut-n51-violet-magenta.png,X1,bases:yang_mut,51,
52,motif-052-bases-yang-yang-mut-n52-violet-magenta.png,X1,bases:yang_mut,52,
53,motif-053-bases-yang-yang-mut-n53-violet-magenta.png,X1,bases:yang_mut,53,
54,motif-054-bases-yang-yang-mut-n54-violet-magenta.png,X1,bases:yang_mut,54,
55,motif-055-bases-yang-yang-mut-n55-violet-magenta.png,X1,bases:yang_mut,55,
56,motif-056-bases-yang-yang-mut-n56-violet-magenta.png,X1,bases:yang_mut,56,
57,motif-057-bases-yang-yang-mut-n57-violet-magenta.png,X1,bases:yang_mut,57,
58,motif-058-bases-yang-yang-mut-n58-violet-magenta.png,X1,bases:yang_mut,58,
59,motif-059-bases-yang-yang-mut-n59-violet-magenta.png,X1,bases:yang_mut,59,
60,motif-060-bases-yang-yang-mut-n60-violet-magenta.png,X1,bases:yang_mut,60,
61,motif-061-bases-yang-yang-mut-n61-violet-magenta.png,X1,bases:yang_mut,61,
62,motif-062-bases-yang-yang-mut-n62-violet-magenta.png,X1,bases:yang_mut,62,
63,motif-063-bases-yang-yang-mut-n63-violet-magenta.png,X1,bases:yang_mut,63,
64,motif-064-bases-yin-yin-mut-n0-violet-magenta.png,X1,bases:yang_mut,0,
65,motif-065-bases-yin-yin-mut-n1-violet-magenta.png,X1,bases:yang_mut,1,
66,motif-066-bases-yin-yin-mut-n2-violet-magenta.png,X1,bases:yang_mut,2,
67,motif-067-bases-yin-yin-mut-n3-violet-magenta.png,X1,bases:yang_mut,3,
68,motif-068-bases-yin-yin-mut-n4-violet-magenta.png,X1,bases:yang_mut,4,
69,motif-069-bases-yin-yin-mut-n5-violet-magenta.png,X1,bases:yang_mut,5,
70,motif-070-bases-yin-yin-mut-n6-violet-magenta.png,X1,bases:yang_mut,6,
71,motif-071-bases-yin-yin-mut-n7-violet-magenta.png,X1,bases:yang_mut,7,
72,motif-072-bases-yin-yin-mut-n8-violet-magenta.png,X1,bases:yang_mut,8,
73,motif-073-bases-yin-yin-mut-n9-violet-magenta.png,X1,bases:yang_mut,9,
74,motif-074-bases-yin-yin-mut-n10-violet-magenta.png,X1,bases:yang_mut,10,
75,motif-075-bases-yin-yin-mut-n11-violet-magenta.png,X1,bases:yang_mut,11,
76,motif-076-bases-yin-yin-mut-n12-violet-magenta.png,X1,bases:yang_mut,12,
77,motif-077-bases-yin-yin-mut-n13-violet-magenta.png,X1,bases:yang_mut,13,
78,motif-078-bases-yin-yin-mut-n14-violet-magenta.png,X1,bases:yang_mut,14,
79,motif-079-bases-yin-yin-mut-n15-violet-magenta.png,X1,bases:yang_mut,15,
80,motif-080-bases-yin-yin-mut-n16-violet-magenta.png,X1,bases:yang_mut,16,
81,motif-081-bases-yin-yin-mut-n17-violet-magenta.png,X1,bases:yang_mut,17,
82,motif-082-bases-yin-yin-mut-n18-violet-magenta.png,X1,bases:yang_mut,18,
83,motif-083-bases-yin-yin-mut-n19-violet-magenta.png,X1,bases:yang_mut,19,
84,motif-084-bases-yin-yin-mut-n20-violet-magenta.png,X1,bases:yang_mut,20,
85,motif-085-bases-yin-yin-mut-n21-violet-magenta.png,X1,bases:yang_mut,21,
86,motif-086-bases-yin-yin-mut-n22-violet-magenta.png,X1,bases:yang_mut,22,
87,motif-087-bases-yin-yin-mut-n23-violet-magenta.png,X1,bases:yang_mut,23,
88,motif-088-bases-yin-yin-mut-n24-violet-magenta.png,X1,bases:yang_mut,24,
89,motif-089-bases-yin-yin-mut-n25-violet-magenta.png,X1,bases:yang_mut,25,
90,motif-090-bases-yin-yin-mut-n26-violet-magenta.png,X1,bases:yang_mut,26,
91,motif-091-bases-yin-yin-mut-n27-violet-magenta.png,X1,bases:yang_mut,27,
92,motif-092-bases-yin-yin-mut-n28-violet-magenta.png,X1,bases:yang_mut,28,
93,motif-093-bases-yin-yin-mut-n29-violet-magenta.png,X1,bases:yang_mut,29,
94,motif-094-bases-yin-yin-mut-n30-violet-magenta.png,X1,bases:yang_mut,30,
95,motif-095-bases-yin-yin-mut-n31-violet-magenta.png,X1,bases:yang_mut,31,
96,motif-096-bases-yin-yin-mut-n32-violet-magenta.png,X1,bases:yang_mut,32,
97,motif-097-bases-yin-yin-mut-n33-violet-magenta.png,X1,bases:yang_mut,33,
98,motif-098-bases-yin-yin-mut-n34-violet-magenta.png,X1,bases:yang_mut,34,
99,motif-099-bases-yin-yin-mut-n35-violet-magenta.png,X1,bases:yang_mut,35,
100,motif-100-bases-yin-yin-mut-n36-violet-magenta.png,X1,bases:yang_mut,36,
101,motif-101-bases-yin-yin-mut-n37-violet-magenta.png,X1,bases:yang_mut,37,
102,motif-102-bases-yin-yin-mut-n38-violet-magenta.png,X1,bases:yang_mut,38,
103,motif-103-bases-yin-yin-mut-n39-violet-magenta.png,X1,bases:yang_mut,39,
104,motif-104-bases-yin-yin-mut-n40-violet-magenta.png,X1,bases:yang_mut,40,
105,motif-105-bases-yin-yin-mut-n41-violet-magenta.png,X1,bases:yang_mut,41,
106,motif-106-bases-yin-yin-mut-n42-violet-magenta.png,X1,bases:yang_mut,42,
107,motif-107-bases-yin-yin-mut-n43-violet-magenta.png,X1,bases:yang_mut,43,
108,motif-108-bases-yin-yin-mut-n44-violet-magenta.png,X1,bases:yang_mut,44,
109,motif-109-bases-yin-yin-mut-n45-violet-magenta.png,X1,bases:yang_mut,45,
110,motif-110-bases-yin-yin-mut-n46-violet-magenta.png,X1,bases:yang_mut,46,
111,motif-111-bases-yin-yin-mut-n47-violet-magenta.png,X1,bases:yang_mut,47,
112,motif-112-bases-yin-yin-mut-n48-violet-magenta.png,X1,bases:yang_mut,48,
113,motif-113-bases-yin-yin-mut-n49-violet-magenta.png,X1,bases:yang_mut,49,
114,motif-114-bases-yin-yin-mut-n50-violet-magenta.png,X1,bases:yang_mut,50,
115,motif-115-bases-yin-yin-mut-n51-violet-magenta.png,X1,bases:yang_mut,51,
116,motif-116-bases-yin-yin-mut-n52-violet-magenta.png,X1,bases:yang_mut,52,
117,motif-117-bases-yin-yin-mut-n53-violet-magenta.png,X1,bases:yang_mut,53,
118,motif-118-bases-yin-yin-mut-n54-violet-magenta.png,X1,bases:yang_mut,54,
119,motif-119-bases-yin-yin-mut-n55-violet-magenta.png,X1,bases:yang_mut,55,
120,motif-120-bases-yin-yin-mut-n56-violet-magenta.png,X1,bases:yang_mut,56,
121,motif-121-bases-yin-yin-mut-n57-violet-magenta.png,X1,bases:yang_mut,57,
122,motif-122-bases-yin-yin-mut-n58-violet-magenta.png,X1,bases:yang_mut,58,
123,motif-123-bases-yin-yin-mut-n59-violet-magenta.png,X1,bases:yang_mut,59,
124,motif-124-bases-yin-yin-mut-n60-violet-magenta.png,X1,bases:yang_mut,60,
125,motif-125-bases-yin-yin-mut-n61-violet-magenta.png,X1,bases:yang_mut,61,
126,motif-126-bases-yin-yin-mut-n62-violet-magenta.png,X1,bases:yang_mut,62,
127,motif-127-bases-yin-yin-mut-n63-violet-magenta.png,X1,bases:yang_mut,63,
128,motif-128-bases-yang-yang-mut-n0-violet-magenta.png,X1,bases:yang,0,motifs/bases-yang-h0.html
129,motif-129-bases-yang-yang-mut-n1-violet-magenta.png,X1,bases:yang,1,motifs/bases-yang-h1.html
130,motif-130-bases-yang-yang-mut-n2-violet-magenta.png,X1,bases:yang,2,motifs/bases-yang-h2.html
131,motif-131-bases-yang-yang-mut-n3-violet-magenta.png,X1,bases:yang,3,motifs/bases-yang-h3.html
132,motif-132-bases-yang-yang-mut-n4-violet-magenta.png,X1,bases:yang,4,motifs/bases-yang-h4.html
133,motif-133-bases-yang-yang-mut-n5-violet-magenta.png,X1,bases:yang,5,motifs/bases-yang-h5.html
134,motif-134-bases-yang-yang-mut-n6-violet-magenta.png,X1,bases:yang,6,motifs/bases-yang-h6.html
135,motif-135-bases-yang-yang-mut-n7-violet-magenta.png,X1,bases:yang,7,motifs/bases-yang-h7.html
136,motif-136-bases-yang-yang-mut-n8-violet-magenta.png,X1,bases:yang,8,motifs/bases-yang-h8.html
137,motif-137-bases-yang-yang-mut-n9-violet-magenta.png,X1,bases:yang,9,motifs/bases-yang-h9.html
138,motif-138-bases-yang-yang-mut-n10-violet-magenta.png,X1,bases:yang,10,motifs/bases-yang-h10.html
139,motif-139-bases-yang-yang-mut-n11-violet-magenta.png,X1,bases:yang,11,motifs/bases-yang-h11.html
140,motif-140-bases-yang-yang-mut-n12-violet-magenta.png,X1,bases:yang,12,motifs/bases-yang-h12.html
141,motif-141-bases-yang-yang-mut-n13-violet-magenta.png,X1,bases:yang,13,motifs/bases-yang-h13.html
142,motif-142-bases-yang-yang-mut-n14-violet-magenta.png,X1,bases:yang,14,motifs/bases-yang-h14.html
143,motif-143-bases-yang-yang-mut-n15-violet-magenta.png,X1,bases:yang,15,motifs/bases-yang-h15.html
144,motif-144-bases-yang-yang-mut-n16-violet-magenta.png,X1,bases:yang,16,motifs/bases-yang-h16.html
145,motif-145-bases-yang-yang-mut-n17-violet-magenta.png,X1,bases:yang,17,motifs/bases-yang-h17.html
146,motif-146-bases-yang-yang-mut-n18-violet-magenta.png,X1,bases:yang,18,motifs/bases-yang-h18.html
147,motif-147-bases-yang-yang-mut-n19-violet-magenta.png,X1,bases:yang,19,motifs/bases-yang-h19.html
148,motif-148-bases-yang-yang-mut-n20-violet-magenta.png,X1,bases:yang,20,motifs/bases-yang-h20.html
149,motif-149-bases-yang-yang-mut-n21-violet-magenta.png,X1,bases:yang,21,motifs/bases-yang-h21.html
150,motif-150-bases-yang-yang-mut-n22-violet-magenta.png,X1,bases:yang,22,motifs/bases-yang-h22.html
151,motif-151-bases-yang-yang-mut-n23-violet-magenta.png,X1,bases:yang,23,motifs/bases-yang-h23.html
152,motif-152-bases-yang-yang-mut-n24-violet-magenta.png,X1,bases:yang,24,motifs/bases-yang-h24.html
153,motif-153-bases-yang-yang-mut-n25-violet-magenta.png,X1,bases:yang,25,motifs/bases-yang-h25.html
154,motif-154-bases-yang-yang-mut-n26-violet-magenta.png,X1,bases:yang,26,motifs/bases-yang-h26.html
155,motif-155-bases-yang-yang-mut-n27-violet-magenta.png,X1,bases:yang,27,motifs/bases-yang-h27.html
156,motif-156-bases-yang-yang-mut-n28-violet-magenta.png,X1,bases:yang,28,motifs/bases-yang-h28.html
157,motif-157-bases-yang-yang-mut-n29-violet-magenta.png,X1,bases:yang,29,motifs/bases-yang-h29.html
158,motif-158-bases-yang-yang-mut-n30-violet-magenta.png,X1,bases:yang,30,motifs/bases-yang-h30.html
159,motif-159-bases-yang-yang-mut-n31-violet-magenta.png,X1,bases:yang,31,motifs/bases-yang-h31.html
160,motif-160-bases-yang-yang-mut-n32-violet-magenta.png,X1,bases:yang,32,
161,motif-161-bases-yang-yang-mut-n33-violet-magenta.png,X1,bases:yang,33,
162,motif-162-bases-yang-yang-mut-n34-violet-magenta.png,X1,bases:yang,34,
163,motif-163-bases-yang-yang-mut-n35-violet-magenta.png,X1,bases:yang,35,
164,motif-164-bases-yang-yang-mut-n36-violet-magenta.png,X1,bases:yang,36,
165,motif-165-bases-yang-yang-mut-n37-violet-magenta.png,X1,bases:yang,37,
166,motif-166-bases-yang-yang-mut-n38-violet-magenta.png,X1,bases:yang,38,
167,motif-167-bases-yang-yang-mut-n39-violet-magenta.png,X1,bases:yang,39,
168,motif-168-bases-yang-yang-mut-n40-violet-magenta.png,X1,bases:yang,40,
169,motif-169-bases-yang-yang-mut-n41-violet-magenta.png,X1,bases:yang,41,
170,motif-170-bases-yang-yang-mut-n42-violet-magenta.png,X1,bases:yang,42,
171,motif-171-bases-yang-yang-mut-n43-violet-magenta.png,X1,bases:yang,43,
172,motif-172-bases-yang-yang-mut-n44-violet-magenta.png,X1,bases:yang,44,
173,motif-173-bases-yang-yang-mut-n45-violet-magenta.png,X1,bases:yang,45,
174,motif-174-bases-yang-yang-mut-n46-violet-magenta.png,X1,bases:yang,46,
175,motif-175-bases-yang-yang-mut-n47-violet-magenta.png,X1,bases:yang,47,
176,motif-176-bases-yang-yang-mut-n48-violet-magenta.png,X1,bases:yang,48,
177,motif-177-bases-yang-yang-mut-n49-violet-magenta.png,X1,bases:yang,49,
178,motif-178-bases-yang-yang-mut-n50-violet-magenta.png,X1,bases:yang,50,
179,motif-179-bases-yang-yang-mut-n51-violet-magenta.png,X1,bases:yang,51,
180,motif-180-bases-yang-yang-mut-n52-violet-magenta.png,X1,bases:yang,52,
181,motif-181-bases-yang-yang-mut-n53-violet-magenta.png,X1,bases:yang,53,
182,motif-182-bases-yang-yang-mut-n54-violet-magenta.png,X1,bases:yang,54,
183,motif-183-bases-yang-yang-mut-n55-violet-magenta.png,X1,bases:yang,55,
184,motif-184-bases-yang-yang-mut-n56-violet-magenta.png,X1,bases:yang,56,
185,motif-185-bases-yang-yang-mut-n57-violet-magenta.png,X1,bases:yang,57,
186,motif-186-bases-yang-yang-mut-n58-violet-magenta.png,X1,bases:yang,58,
187,motif-187-bases-yang-yang-mut-n59-violet-magenta.png,X1,bases:yang,59,
188,motif-188-bases-yang-yang-mut-n60-violet-magenta.png,X1,bases:yang,60,
189,motif-189-bases-yang-yang-mut-n61-violet-magenta.png,X1,bases:yang,61,
190,motif-190-bases-yang-yang-mut-n62-violet-magenta.png,X1,bases:yang,62,
191,motif-191-bases-yang-yang-mut-n63-violet-magenta.png,X1,bases:yang,63,
192,motif-192-bases-yin-yin-mut-n0-violet-magenta.png,X1,bases:yang,0,
193,motif-193-bases-yin-yin-mut-n1-violet-magenta.png,X1,bases:yang,1,
194,motif-194-bases-yin-yin-mut-n2-violet-magenta.png,X1,bases:yang,2,
195,motif-195-bases-yin-yin-mut-n3-violet-magenta.png,X1,bases:yang,3,
196,motif-196-bases-yin-yin-mut-n4-violet-magenta.png,X1,bases:yang,4,
197,motif-197-bases-yin-yin-mut-n5-violet-magenta.png,X1,bases:yang,5,
198,motif-198-bases-yin-yin-mut-n6-violet-magenta.png,X1,bases:yang,6,
199,motif-199-bases-yin-yin-mut-n7-violet-magenta.png,X1,bases:yang,7,
200,motif-200-bases-yin-yin-mut-n8-violet-magenta.png,X1,bases:yang,8,
201,motif-201-bases-yin-yin-mut-n9-violet-magenta.png,X1,bases:yang,9,
202,motif-202-bases-yin-yin-mut-n10-violet-magenta.png,X1,bases:yang,10,
203,motif-203-bases-yin-yin-mut-n11-violet-magenta.png,X1,bases:yang,11,
204,motif-204-bases-yin-yin-mut-n12-violet-magenta.png,X1,bases:yang,12,
205,motif-205-bases-yin-yin-mut-n13-violet-magenta.png,X1,bases:yang,13,
206,motif-206-bases-yin-yin-mut-n14-violet-magenta.png,X1,bases:yang,14,
207,motif-207-bases-yin-yin-mut-n15-violet-magenta.png,X1,bases:yang,15,
208,motif-208-bases-yin-yin-mut-n16-violet-magenta.png,X1,bases:yang,16,
209,motif-209-bases-yin-yin-mut-n17-violet-magenta.png,X1,bases:yang,17,
210,motif-210-bases-yin-yin-mut-n18-violet-magenta.png,X1,bases:yang,18,
211,motif-211-bases-yin-yin-mut-n19-violet-magenta.png,X1,bases:yang,19,
212,motif-212-bases-yin-yin-mut-n20-violet-magenta.png,X1,bases:yang,20,
213,motif-213-bases-yin-yin-mut-n21-violet-magenta.png,X1,bases:yang,21,
214,motif-214-bases-yin-yin-mut-n22-violet-magenta.png,X1,bases:yang,22,
215,motif-215-bases-yin-yin-mut-n23-violet-magenta.png,X1,bases:yang,23,
216,motif-216-bases-yin-yin-mut-n24-violet-magenta.png,X1,bases:yang,24,
217,motif-217-bases-yin-yin-mut-n25-violet-magenta.png,X1,bases:yang,25,
218,motif-218-bases-yin-yin-mut-n26-violet-magenta.png,X1,bases:yang,26,
219,motif-219-bases-yin-yin-mut-n27-violet-magenta.png,X1,bases:yang,27,
220,motif-220-bases-yin-yin-mut-n28-violet-magenta.png,X1,bases:yang,28,
221,motif-221-bases-yin-yin-mut-n29-violet-magenta.png,X1,bases:yang,29,
222,motif-222-bases-yin-yin-mut-n30-violet-magenta.png,X1,bases:yang,30,
223,motif-223-bases-yin-yin-mut-n31-violet-magenta.png,X1,bases:yang,31,
224,motif-224-bases-yin-yin-mut-n32-violet-magenta.png,X1,bases:yang,32,
225,motif-225-bases-yin-yin-mut-n33-violet-magenta.png,X1,bases:yang,33,
226,motif-226-bases-yin-yin-mut-n34-violet-magenta.png,X1,bases:yang,34,
227,motif-227-bases-yin-yin-mut-n35-violet-magenta.png,X1,bases:yang,35,
228,motif-228-bases-yin-yin-mut-n36-violet-magenta.png,X1,bases:yang,36,
229,motif-229-bases-yin-yin-mut-n37-violet-magenta.png,X1,bases:yang,37,
230,motif-230-bases-yin-yin-mut-n38-violet-magenta.png,X1,bases:yang,38,
231,motif-231-bases-yin-yin-mut-n39-violet-magenta.png,X1,bases:yang,39,
232,motif-232-bases-yin-yin-mut-n40-violet-magenta.png,X1,bases:yang,40,
233,motif-233-bases-yin-yin-mut-n41-violet-magenta.png,X1,bases:yang,41,
234,motif-234-bases-yin-yin-mut-n42-violet-magenta.png,X1,bases:yang,42,
235,motif-235-bases-yin-yin-mut-n43-violet-magenta.png,X1,bases:yang,43,
236,motif-236-bases-yin-yin-mut-n44-violet-magenta.png,X1,bases:yang,44,
237,motif-237-bases-yin-yin-mut-n45-violet-magenta.png,X1,bases:yang,45,
238,motif-238-bases-yin-yin-mut-n46-violet-magenta.png,X1,bases:yang,46,
239,motif-239-bases-yin-yin-mut-n47-violet-magenta.png,X1,bases:yang,47,
240,motif-240-bases-yin-yin-mut-n48-violet-magenta.png,X1,bases:yang,48,
241,motif-241-bases-yin-yin-mut-n49-violet-magenta.png,X1,bases:yang,49,
242,motif-242-bases-yin-yin-mut-n50-violet-magenta.png,X1,bases:yang,50,
243,motif-243-bases-yin-yin-mut-n51-violet-magenta.png,X1,bases:yang,51,
244,motif-244-bases-yin-yin-mut-n52-violet-magenta.png,X1,bases:yang,52,
245,motif-245-bases-yin-yin-mut-n53-violet-magenta.png,X1,bases:yang,53,
246,motif-246-bases-yin-yin-mut-n54-violet-magenta.png,X1,bases:yang,54,
247,motif-247-bases-yin-yin-mut-n55-violet-magenta.png,X1,bases:yang,55,
248,motif-248-bases-yin-yin-mut-n56-violet-magenta.png,X1,bases:yang,56,
249,motif-249-bases-yin-yin-mut-n57-violet-magenta.png,X1,bases:yang,57,
250,motif-250-bases-yin-yin-mut-n58-violet-magenta.png,X1,bases:yang,58,
251,motif-251-bases-yin-yin-mut-n59-violet-magenta.png,X1,bases:yang,59,
252,motif-252-bases-yin-yin-mut-n60-violet-magenta.png,X1,bases:yang,60,
253,motif-253-bases-yin-yin-mut-n61-violet-magenta.png,X1,bases:yang,61,
254,motif-254-bases-yin-yin-mut-n62-violet-magenta.png,X1,bases:yang,62,
255,motif-255-bases-yin-yin-mut-n63-violet-magenta.png,X1,bases:yang,63,
256,motif-256-par2-yang-yang-mut-n0-violet-magenta.png,X2,par2:yang+yin_mut,0,motifs/par2-yang-yin-mut-h0.html
257,motif-257-par2-yang-yang-mut-n1-violet-magenta.png,X2,par2:yang+yin_mut,1,motifs/par2-yang-yin-mut-h1.html
258,motif-258-par2-yang-yang-mut-n2-violet-magenta.png,X2,par2:yang+yin_mut,2,motifs/par2-yang-yin-mut-h2.html
259,motif-259-par2-yang-yang-mut-n3-violet-magenta.png,X2,par2:yang+yin_mut,3,motifs/par2-yang-yin-mut-h3.html
260,motif-260-par2-yang-yang-mut-n4-violet-magenta.png,X2,par2:yang+yin_mut,4,motifs/par2-yang-yin-mut-h4.html
261,motif-261-par2-yang-yang-mut-n5-violet-magenta.png,X2,par2:yang+yin_mut,5,motifs/par2-yang-yin-mut-h5.html
262,motif-262-par2-yang-yang-mut-n6-violet-magenta.png,X2,par2:yang+yin_mut,6,motifs/par2-yang-yin-mut-h6.html
263,motif-263-par2-yang-yang-mut-n7-violet-magenta.png,X2,par2:yang+yin_mut,7,motifs/par2-yang-yin-mut-h7.html
264,motif-264-par2-yang-yang-mut-n8-violet-magenta.png,X2,par2:yang+yin_mut,8,motifs/par2-yang-yin-mut-h8.html
265,motif-265-par2-yang-yang-mut-n9-violet-magenta.png,X2,par2:yang+yin_mut,9,motifs/par2-yang-yin-mut-h9.html
266,motif-266-par2-yang-yang-mut-n10-violet-magenta.png,X2,par2:yang+yin_mut,10,motifs/par2-yang-yin-mut-h10.html
267,motif-267-par2-yang-yang-mut-n11-violet-magenta.png,X2,par2:yang+yin_mut,11,motifs/par2-yang-yin-mut-h11.html
268,motif-268-par2-yang-yang-mut-n12-violet-magenta.png,X2,par2:yang+yin_mut,12,motifs/par2-yang-yin-mut-h12.html
269,motif-269-par2-yang-yang-mut-n13-violet-magenta.png,X2,par2:yang+yin_mut,13,motifs/par2-yang-yin-mut-h13.html
270,motif-270-par2-yang-yang-mut-n14-violet-magenta.png,X2,par2:yang+yin_mut,14,motifs/par2-yang-yin-mut-h14.html
271,motif-271-par2-yang-yang-mut-n15-violet-magenta.png,X2,par2:yang+yin_mut,15,motifs/par2-yang-yin-mut-h15.html
272,motif-272-par2-yang-yang-mut-n16-violet-magenta.png,X2,par2:yang+yin_mut,16,motifs/par2-yang-yin-mut-h16.html
273,motif-273-par2-yang-yang-mut-n17-violet-magenta.png,X2,par2:yang+yin_mut,17,motifs/par2-yang-yin-mut-h17.html
274,motif-274-par2-yang-yang-mut-n18-violet-magenta.png,X2,par2:yang+yin_mut,18,motifs/par2-yang-yin-mut-h18.html
275,motif-275-par2-yang-yang-mut-n19-violet-magenta.png,X2,par2:yang+yin_mut,19,motifs/par2-yang-yin-mut-h19.html
276,motif-276-par2-yang-yang-mut-n20-violet-magenta.png,X2,par2:yang+yin_mut,20,motifs/par2-yang-yin-mut-h20.html
277,motif-277-par2-yang-yang-mut-n21-violet-magenta.png,X2,par2:yang+yin_mut,21,motifs/par2-yang-yin-mut-h21.html
278,motif-278-par2-yang-yang-mut-n22-violet-magenta.png,X2,par2:yang+yin_mut,22,motifs/par2-yang-yin-mut-h22.html
279,motif-279-par2-yang-yang-mut-n23-violet-magenta.png,X2,par2:yang+yin_mut,23,motifs/par2-yang-yin-mut-h23.html
280,motif-280-par2-yang-yang-mut-n24-violet-magenta.png,X2,par2:yang+yin_mut,24,motifs/par2-yang-yin-mut-h24.html
281,motif-281-par2-yang-yang-mut-n25-violet-magenta.png,X2,par2:yang+yin_mut,25,motifs/par2-yang-yin-mut-h25.html
282,motif-282-par2-yang-yang-mut-n26-violet-magenta.png,X2,par2:yang+yin_mut,26,motifs/par2-yang-yin-mut-h26.html
283,motif-283-par2-yang-yang-mut-n27-violet-magenta.png,X2,par2:yang+yin_mut,27,motifs/par2-yang-yin-mut-h27.html
284,motif-284-par2-yang-yang-mut-n28-violet-magenta.png,X2,par2:yang+yin_mut,28,motifs/par2-yang-yin-mut-h28.html
285,motif-285-par2-yang-yang-mut-n29-violet-magenta.png,X2,par2:yang+yin_mut,29,motifs/par2-yang-yin-mut-h29.html
286,motif-286-par2-yang-yang-mut-n30-violet-magenta.png,X2,par2:yang+yin_mut,30,motifs/par2-yang-yin-mut-h30.html
287,motif-287-par2-yang-yang-mut-n31-violet-magenta.png,X2,par2:yang+yin_mut,31,motifs/par2-yang-yin-mut-h31.html
288,motif-288-par2-yang-yang-mut-n32-violet-magenta.png,X2,par2:yang+yin_mut,32,
289,motif-289-par2-yang-yang-mut-n33-violet-magenta.png,X2,par2:yang+yin_mut,33,
290,motif-290-par2-yang-yang-mut-n34-violet-magenta.png,X2,par2:yang+yin_mut,34,
291,motif-291-par2-yang-yang-mut-n35-violet-magenta.png,X2,par2:yang+yin_mut,35,
292,motif-292-par2-yang-yang-mut-n36-violet-magenta.png,X2,par2:yang+yin_mut,36,
293,motif-293-par2-yang-yang-mut-n37-violet-magenta.png,X2,par2:yang+yin_mut,37,
294,motif-294-par2-yang-yang-mut-n38-violet-magenta.png,X2,par2:yang+yin_mut,38,
295,motif-295-par2-yang-yang-mut-n39-violet-magenta.png,X2,par2:yang+yin_mut,39,
296,motif-296-par2-yang-yang-mut-n40-violet-magenta.png,X2,par2:yang+yin_mut,40,
297,motif-297-par2-yang-yang-mut-n41-violet-magenta.png,X2,par2:yang+yin_mut,41,
298,motif-298-par2-yang-yang-mut-n42-violet-magenta.png,X2,par2:yang+yin_mut,42,
299,motif-299-par2-yang-yang-mut-n43-violet-magenta.png,X2,par2:yang+yin_mut,43,
300,motif-300-par2-yang-yang-mut-n44-violet-magenta.png,X2,par2:yang+yin_mut,44,
301,motif-301-par2-yang-yang-mut-n45-violet-magenta.png,X2,par2:yang+yin_mut,45,
302,motif-302-par2-yang-yang-mut-n46-violet-magenta.png,X2,par2:yang+yin_mut,46,
303,motif-303-par2-yang-yang-mut-n47-violet-magenta.png,X2,par2:yang+yin_mut,47,
304,motif-304-par2-yang-yang-mut-n48-violet-magenta.png,X2,par2:yang+yin_mut,48,
305,motif-305-par2-yang-yang-mut-n49-violet-magenta.png,X2,par2:yang+yin_mut,49,
306,motif-306-par2-yang-yang-mut-n50-violet-magenta.png,X2,par2:yang+yin_mut,50,
307,motif-307-par2-yang-yang-mut-n51-violet-magenta.png,X2,par2:yang+yin_mut,51,
308,motif-308-par2-yang-yang-mut-n52-violet-magenta.png,X2,par2:yang+yin_mut,52,
309,motif-309-par2-yang-yang-mut-n53-violet-magenta.png,X2,par2:yang+yin_mut,53,
310,motif-310-par2-yang-yang-mut-n54-violet-magenta.png,X2,par2:yang+yin_mut,54,
311,motif-311-par2-yang-yang-mut-n55-violet-magenta.png,X2,par2:yang+yin_mut,55,
312,motif-312-par2-yang-yang-mut-n56-violet-magenta.png,X2,par2:yang+yin_mut,56,
313,motif-313-par2-yang-yang-mut-n57-violet-magenta.png,X2,par2:yang+yin_mut,57,
314,motif-314-par2-yang-yang-mut-n58-violet-magenta.png,X2,par2:yang+yin_mut,58,
315,motif-315-par2-yang-yang-mut-n59-violet-magenta.png,X2,par2:yang+yin_mut,59,
316,motif-316-par2-yang-yang-mut-n60-violet-magenta.png,X2,par2:yang+yin_mut,60,
317,motif-317-par2-yang-yang-mut-n61-violet-magenta.png,X2,par2:yang+yin_mut,61,
318,motif-318-par2-yang-yang-mut-n62-violet-magenta.png,X2,par2:yang+yin_mut,62,
319,motif-319-par2-yang-yang-mut-n63-violet-magenta.png,X2,par2:yang+yin_mut,63,
320,motif-320-par2-yin-yin-mut-n0-violet-magenta.png,X2,par2:yang+yin_mut,0,
321,motif-321-par2-yin-yin-mut-n1-violet-magenta.png,X2,par2:yang+yin_mut,1,
322,motif-322-par2-yin-yin-mut-n2-violet-magenta.png,X2,par2:yang+yin_mut,2,
323,motif-323-par2-yin-yin-mut-n3-violet-magenta.png,X2,par2:yang+yin_mut,3,
324,motif-324-par2-yin-yin-mut-n4-violet-magenta.png,X2,par2:yang+yin_mut,4,
325,motif-325-par2-yin-yin-mut-n5-violet-magenta.png,X2,par2:yang+yin_mut,5,
326,motif-326-par2-yin-yin-mut-n6-violet-magenta.png,X2,par2:yang+yin_mut,6,
327,motif-327-par2-yin-yin-mut-n7-violet-magenta.png,X2,par2:yang+yin_mut,7,
328,motif-328-par2-yin-yin-mut-n8-violet-magenta.png,X2,par2:yang+yin_mut,8,
329,motif-329-par2-yin-yin-mut-n9-violet-magenta.png,X2,par2:yang+yin_mut,9,
330,motif-330-par2-yin-yin-mut-n10-violet-magenta.png,X2,par2:yang+yin_mut,10,
331,motif-331-par2-yin-yin-mut-n11-violet-magenta.png,X2,par2:yang+yin_mut,11,
332,motif-332-par2-yin-yin-mut-n12-violet-magenta.png,X2,par2:yang+yin_mut,12,
333,motif-333-par2-yin-yin-mut-n13-violet-magenta.png,X2,par2:yang+yin_mut,13,
334,motif-334-par2-yin-yin-mut-n14-violet-magenta.png,X2,par2:yang+yin_mut,14,
335,motif-335-par2-yin-yin-mut-n15-violet-magenta.png,X2,par2:yang+yin_mut,15,
336,motif-336-par2-yin-yin-mut-n16-violet-magenta.png,X2,par2:yang+yin_mut,16,
337,motif-337-par2-yin-yin-mut-n17-violet-magenta.png,X2,par2:yang+yin_mut,17,
338,motif-338-par2-yin-yin-mut-n18-violet-magenta.png,X2,par2:yang+yin_mut,18,
339,motif-339-par2-yin-yin-mut-n19-violet-magenta.png,X2,par2:yang+yin_mut,19,
340,motif-340-par2-yin-yin-mut-n20-violet-magenta.png,X2,par2:yang+yin_mut,20,
341,motif-341-par2-yin-yin-mut-n21-violet-magenta.png,X2,par2:yang+yin_mut,21,
342,motif-342-par2-yin-yin-mut-n22-violet-magenta.png,X2,par2:yang+yin_mut,22,
343,motif-343-par2-yin-yin-mut-n23-violet-magenta.png,X2,par2:yang+yin_mut,23,
344,motif-344-par2-yin-yin-mut-n24-violet-magenta.png,X2,par2:yang+yin_mut,24,
345,motif-345-par2-yin-yin-mut-n25-violet-magenta.png,X2,par2:yang+yin_mut,25,
346,motif-346-par2-yin-yin-mut-n26-violet-magenta.png,X2,par2:yang+yin_mut,26,
347,motif-347-par2-yin-yin-mut-n27-violet-magenta.png,X2,par2:yang+yin_mut,27,
348,motif-348-par2-yin-yin-mut-n28-violet-magenta.png,X2,par2:yang+yin_mut,28,
349,motif-349-par2-yin-yin-mut-n29-violet-magenta.png,X2,par2:yang+yin_mut,29,
350,motif-350-par2-yin-yin-mut-n30-violet-magenta.png,X2,par2:yang+yin_mut,30,
351,motif-351-par2-yin-yin-mut-n31-violet-magenta.png,X2,par2:yang+yin_mut,31,
352,motif-352-par2-yin-yin-mut-n32-violet-magenta.png,X2,par2:yang+yin_mut,32,
353,motif-353-par2-yin-yin-mut-n33-violet-magenta.png,X2,par2:yang+yin_mut,33,
354,motif-354-par2-yin-yin-mut-n34-violet-magenta.png,X2,par2:yang+yin_mut,34,
355,motif-355-par2-yin-yin-mut-n35-violet-magenta.png,X2,par2:yang+yin_mut,35,
356,motif-356-par2-yin-yin-mut-n36-violet-magenta.png,X2,par2:yang+yin_mut,36,
357,motif-357-par2-yin-yin-mut-n37-violet-magenta.png,X2,par2:yang+yin_mut,37,
358,motif-358-par2-yin-yin-mut-n38-violet-magenta.png,X2,par2:yang+yin_mut,38,
359,motif-359-par2-yin-yin-mut-n39-violet-magenta.png,X2,par2:yang+yin_mut,39,
360,motif-360-par2-yin-yin-mut-n40-violet-magenta.png,X2,par2:yang+yin_mut,40,
361,motif-361-par2-yin-yin-mut-n41-violet-magenta.png,X2,par2:yang+yin_mut,41,
362,motif-362-par2-yin-yin-mut-n42-violet-magenta.png,X2,par2:yang+yin_mut,42,
363,motif-363-par2-yin-yin-mut-n43-violet-magenta.png,X2,par2:yang+yin_mut,43,
364,motif-364-par2-yin-yin-mut-n44-violet-magenta.png,X2,par2:yang+yin_mut,44,
365,motif-365-par2-yin-yin-mut-n45-violet-magenta.png,X2,par2:yang+yin_mut,45,
366,motif-366-par2-yin-yin-mut-n46-violet-magenta.png,X2,par2:yang+yin_mut,46,
367,motif-367-par2-yin-yin-mut-n47-violet-magenta.png,X2,par2:yang+yin_mut,47,
368,motif-368-par2-yin-yin-mut-n48-violet-magenta.png,X2,par2:yang+yin_mut,48,
369,motif-369-par2-yin-yin-mut-n49-violet-magenta.png,X2,par2:yang+yin_mut,49,
370,motif-370-par2-yin-yin-mut-n50-violet-magenta.png,X2,par2:yang+yin_mut,50,
371,motif-371-par2-yin-yin-mut-n51-violet-magenta.png,X2,par2:yang+yin_mut,51,
372,motif-372-par2-yin-yin-mut-n52-violet-magenta.png,X2,par2:yang+yin_mut,52,
373,motif-373-par2-yin-yin-mut-n53-violet-magenta.png,X2,par2:yang+yin_mut,53,
374,motif-374-par2-yin-yin-mut-n54-violet-magenta.png,X2,par2:yang+yin_mut,54,
375,motif-375-par2-yin-yin-mut-n55-violet-magenta.png,X2,par2:yang+yin_mut,55,
376,motif-376-par2-yin-yin-mut-n56-violet-magenta.png,X2,par2:yang+yin_mut,56,
377,motif-377-par2-yin-yin-mut-n57-violet-magenta.png,X2,par2:yang+yin_mut,57,
378,motif-378-par2-yin-yin-mut-n58-violet-magenta.png,X2,par2:yang+yin_mut,58,
379,motif-379-par2-yin-yin-mut-n59-violet-magenta.png,X2,par2:yang+yin_mut,59,
380,motif-380-par2-yin-yin-mut-n60-violet-magenta.png,X2,par2:yang+yin_mut,60,
381,motif-381-par2-yin-yin-mut-n61-violet-magenta.png,X2,par2:yang+yin_mut,61,
382,motif-382-par2-yin-yin-mut-n62-violet-magenta.png,X2,par2:yang+yin_mut,62,
383,motif-383-par2-yin-yin-mut-n63-violet-magenta.png,X2,par2:yang+yin_mut,63,
384,motif-384-par2-yang-yang-mut-n0-violet-magenta.png,X2,par2:yin_mut+yang_mut,0,motifs/par2-yin-mut-yang-mut-h0.html
385,motif-385-par2-yang-yang-mut-n1-violet-magenta.png,X2,par2:yin_mut+yang_mut,1,motifs/par2-yin-mut-yang-mut-h1.html
386,motif-386-par2-yang-yang-mut-n2-violet-magenta.png,X2,par2:yin_mut+yang_mut,2,motifs/par2-yin-mut-yang-mut-h2.html
387,motif-387-par2-yang-yang-mut-n3-violet-magenta.png,X2,par2:yin_mut+yang_mut,3,motifs/par2-yin-mut-yang-mut-h3.html
388,motif-388-par2-yang-yang-mut-n4-violet-magenta.png,X2,par2:yin_mut+yang_mut,4,motifs/par2-yin-mut-yang-mut-h4.html
389,motif-389-par2-yang-yang-mut-n5-violet-magenta.png,X2,par2:yin_mut+yang_mut,5,motifs/par2-yin-mut-yang-mut-h5.html
390,motif-390-par2-yang-yang-mut-n6-violet-magenta.png,X2,par2:yin_mut+yang_mut,6,motifs/par2-yin-mut-yang-mut-h6.html
391,motif-391-par2-yang-yang-mut-n7-violet-magenta.png,X2,par2:yin_mut+yang_mut,7,motifs/par2-yin-mut-yang-mut-h7.html
392,motif-392-par2-yang-yang-mut-n8-violet-magenta.png,X2,par2:yin_mut+yang_mut,8,motifs/par2-yin-mut-yang-mut-h8.html
393,motif-393-par2-yang-yang-mut-n9-violet-magenta.png,X2,par2:yin_mut+yang_mut,9,motifs/par2-yin-mut-yang-mut-h9.html
394,motif-394-par2-yang-yang-mut-n10-violet-magenta.png,X2,par2:yin_mut+yang_mut,10,motifs/par2-yin-mut-yang-mut-h10.html
395,motif-395-par2-yang-yang-mut-n11-violet-magenta.png,X2,par2:yin_mut+yang_mut,11,motifs/par2-yin-mut-yang-mut-h11.html
396,motif-396-par2-yang-yang-mut-n12-violet-magenta.png,X2,par2:yin_mut+yang_mut,12,motifs/par2-yin-mut-yang-mut-h12.html
397,motif-397-par2-yang-yang-mut-n13-violet-magenta.png,X2,par2:yin_mut+yang_mut,13,motifs/par2-yin-mut-yang-mut-h13.html
398,motif-398-par2-yang-yang-mut-n14-violet-magenta.png,X2,par2:yin_mut+yang_mut,14,motifs/par2-yin-mut-yang-mut-h14.html
399,motif-399-par2-yang-yang-mut-n15-violet-magenta.png,X2,par2:yin_mut+yang_mut,15,motifs/par2-yin-mut-yang-mut-h15.html
400,motif-400-par2-yang-yang-mut-n16-violet-magenta.png,X2,par2:yin_mut+yang_mut,16,motifs/par2-yin-mut-yang-mut-h16.html
401,motif-401-par2-yang-yang-mut-n17-violet-magenta.png,X2,par2:yin_mut+yang_mut,17,motifs/par2-yin-mut-yang-mut-h17.html
402,motif-402-par2-yang-yang-mut-n18-violet-magenta.png,X2,par2:yin_mut+yang_mut,18,motifs/par2-yin-mut-yang-mut-h18.html
403,motif-403-par2-yang-yang-mut-n19-violet-magenta.png,X2,par2:yin_mut+yang_mut,19,motifs/par2-yin-mut-yang-mut-h19.html
404,motif-404-par2-yang-yang-mut-n20-violet-magenta.png,X2,par2:yin_mut+yang_mut,20,motifs/par2-yin-mut-yang-mut-h20.html
405,motif-405-par2-yang-yang-mut-n21-violet-magenta.png,X2,par2:yin_mut+yang_mut,21,motifs/par2-yin-mut-yang-mut-h21.html
406,motif-406-par2-yang-yang-mut-n22-violet-magenta.png,X2,par2:yin_mut+yang_mut,22,motifs/par2-yin-mut-yang-mut-h22.html
407,motif-407-par2-yang-yang-mut-n23-violet-magenta.png,X2,par2:yin_mut+yang_mut,23,motifs/par2-yin-mut-yang-mut-h23.html
408,motif-408-par2-yang-yang-mut-n24-violet-magenta.png,X2,par2:yin_mut+yang_mut,24,motifs/par2-yin-mut-yang-mut-h24.html
409,motif-409-par2-yang-yang-mut-n25-violet-magenta.png,X2,par2:yin_mut+yang_mut,25,motifs/par2-yin-mut-yang-mut-h25.html
410,motif-410-par2-yang-yang-mut-n26-violet-magenta.png,X2,par2:yin_mut+yang_mut,26,motifs/par2-yin-mut-yang-mut-h26.html
411,motif-411-par2-yang-yang-mut-n27-violet-magenta.png,X2,par2:yin_mut+yang_mut,27,motifs/par2-yin-mut-yang-mut-h27.html
412,motif-412-par2-yang-yang-mut-n28-violet-magenta.png,X2,par2:yin_mut+yang_mut,28,motifs/par2-yin-mut-yang-mut-h28.html
413,motif-413-par2-yang-yang-mut-n29-violet-magenta.png,X2,par2:yin_mut+yang_mut,29,motifs/par2-yin-mut-yang-mut-h29.html
414,motif-414-par2-yang-yang-mut-n30-violet-magenta.png,X2,par2:yin_mut+yang_mut,30,motifs/par2-yin-mut-yang-mut-h30.html
415,motif-415-par2-yang-yang-mut-n31-violet-magenta.png,X2,par2:yin_mut+yang_mut,31,motifs/par2-yin-mut-yang-mut-h31.html
416,motif-416-par2-yang-yang-mut-n32-violet-magenta.png,X2,par2:yin_mut+yang_mut,32,
417,motif-417-par2-yang-yang-mut-n33-violet-magenta.png,X2,par2:yin_mut+yang_mut,33,
418,motif-418-par2-yang-yang-mut-n34-violet-magenta.png,X2,par2:yin_mut+yang_mut,34,
419,motif-419-par2-yang-yang-mut-n35-violet-magenta.png,X2,par2:yin_mut+yang_mut,35,
420,motif-420-par2-yang-yang-mut-n36-violet-magenta.png,X2,par2:yin_mut+yang_mut,36,
421,motif-421-par2-yang-yang-mut-n37-violet-magenta.png,X2,par2:yin_mut+yang_mut,37,
422,motif-422-par2-yang-yang-mut-n38-violet-magenta.png,X2,par2:yin_mut+yang_mut,38,
423,motif-423-par2-yang-yang-mut-n39-violet-magenta.png,X2,par2:yin_mut+yang_mut,39,
424,motif-424-par2-yang-yang-mut-n40-violet-magenta.png,X2,par2:yin_mut+yang_mut,40,
425,motif-425-par2-yang-yang-mut-n41-violet-magenta.png,X2,par2:yin_mut+yang_mut,41,
426,motif-426-par2-yang-yang-mut-n42-violet-magenta.png,X2,par2:yin_mut+yang_mut,42,
427,motif-427-par2-yang-yang-mut-n43-violet-magenta.png,X2,par2:yin_mut+yang_mut,43,
428,motif-428-par2-yang-yang-mut-n44-violet-magenta.png,X2,par2:yin_mut+yang_mut,44,
429,motif-429-par2-yang-yang-mut-n45-violet-magenta.png,X2,par2:yin_mut+yang_mut,45,
430,motif-430-par2-yang-yang-mut-n46-violet-magenta.png,X2,par2:yin_mut+yang_mut,46,
431,motif-431-par2-yang-yang-mut-n47-violet-magenta.png,X2,par2:yin_mut+yang_mut,47,
432,motif-432-par2-yang-yang-mut-n48-violet-magenta.png,X2,par2:yin_mut+yang_mut,48,
433,motif-433-par2-yang-yang-mut-n49-violet-magenta.png,X2,par2:yin_mut+yang_mut,49,
434,motif-434-par2-yang-yang-mut-n50-violet-magenta.png,X2,par2:yin_mut+yang_mut,50,
435,motif-435-par2-yang-yang-mut-n51-violet-magenta.png,X2,par2:yin_mut+yang_mut,51,
436,motif-436-par2-yang-yang-mut-n52-violet-magenta.png,X2,par2:yin_mut+yang_mut,52,
437,motif-437-par2-yang-yang-mut-n53-violet-magenta.png,X2,par2:yin_mut+yang_mut,53,
438,motif-438-par2-yang-yang-mut-n54-violet-magenta.png,X2,par2:yin_mut+yang_mut,54,
439,motif-439-par2-yang-yang-mut-n55-violet-magenta.png,X2,par2:yin_mut+yang_mut,55,
440,motif-440-par2-yang-yang-mut-n56-violet-magenta.png,X2,par2:yin_mut+yang_mut,56,
441,motif-441-par2-yang-yang-mut-n57-violet-magenta.png,X2,par2:yin_mut+yang_mut,57,
442,motif-442-par2-yang-yang-mut-n58-violet-magenta.png,X2,par2:yin_mut+yang_mut,58,
443,motif-443-par2-yang-yang-mut-n59-violet-magenta.png,X2,par2:yin_mut+yang_mut,59,
444,motif-444-par2-yang-yang-mut-n60-violet-magenta.png,X2,par2:yin_mut+yang_mut,60,
445,motif-445-par2-yang-yang-mut-n61-violet-magenta.png,X2,par2:yin_mut+yang_mut,61,
446,motif-446-par2-yang-yang-mut-n62-violet-magenta.png,X2,par2:yin_mut+yang_mut,62,
447,motif-447-par2-yang-yang-mut-n63-violet-magenta.png,X2,par2:yin_mut+yang_mut,63,
448,motif-448-par2-yin-yin-mut-n0-violet-magenta.png,X2,par2:yin_mut+yang_mut,0,
449,motif-449-par2-yin-yin-mut-n1-violet-magenta.png,X2,par2:yin_mut+yang_mut,1,
450,motif-450-par2-yin-yin-mut-n2-violet-magenta.png,X2,par2:yin_mut+yang_mut,2,
451,motif-451-par2-yin-yin-mut-n3-violet-magenta.png,X2,par2:yin_mut+yang_mut,3,
452,motif-452-par2-yin-yin-mut-n4-violet-magenta.png,X2,par2:yin_mut+yang_mut,4,
453,motif-453-par2-yin-yin-mut-n5-violet-magenta.png,X2,par2:yin_mut+yang_mut,5,
454,motif-454-par2-yin-yin-mut-n6-violet-magenta.png,X2,par2:yin_mut+yang_mut,6,
455,motif-455-par2-yin-yin-mut-n7-violet-magenta.png,X2,par2:yin_mut+yang_mut,7,
456,motif-456-par2-yin-yin-mut-n8-violet-magenta.png,X2,par2:yin_mut+yang_mut,8,
457,motif-457-par2-yin-yin-mut-n9-violet-magenta.png,X2,par2:yin_mut+yang_mut,9,
458,motif-458-par2-yin-yin-mut-n10-violet-magenta.png,X2,par2:yin_mut+yang_mut,10,
459,motif-459-par2-yin-yin-mut-n11-violet-magenta.png,X2,par2:yin_mut+yang_mut,11,
460,motif-460-par2-yin-yin-mut-n12-violet-magenta.png,X2,par2:yin_mut+yang_mut,12,
461,motif-461-par2-yin-yin-mut-n13-violet-magenta.png,X2,par2:yin_mut+yang_mut,13,
462,motif-462-par2-yin-yin-mut-n14-violet-magenta.png,X2,par2:yin_mut+yang_mut,14,
463,motif-463-par2-yin-yin-mut-n15-violet-magenta.png,X2,par2:yin_mut+yang_mut,15,
464,motif-464-par2-yin-yin-mut-n16-violet-magenta.png,X2,par2:yin_mut+yang_mut,16,
465,motif-465-par2-yin-yin-mut-n17-violet-magenta.png,X2,par2:yin_mut+yang_mut,17,
466,motif-466-par2-yin-yin-mut-n18-violet-magenta.png,X2,par2:yin_mut+yang_mut,18,
467,motif-467-par2-yin-yin-mut-n19-violet-magenta.png,X2,par2:yin_mut+yang_mut,19,
468,motif-468-par2-yin-yin-mut-n20-violet-magenta.png,X2,par2:yin_mut+yang_mut,20,
469,motif-469-par2-yin-yin-mut-n21-violet-magenta.png,X2,par2:yin_mut+yang_mut,21,
470,motif-470-par2-yin-yin-mut-n22-violet-magenta.png,X2,par2:yin_mut+yang_mut,22,
471,motif-471-par2-yin-yin-mut-n23-violet-magenta.png,X2,par2:yin_mut+yang_mut,23,
472,motif-472-par2-yin-yin-mut-n24-violet-magenta.png,X2,par2:yin_mut+yang_mut,24,
473,motif-473-par2-yin-yin-mut-n25-violet-magenta.png,X2,par2:yin_mut+yang_mut,25,
474,motif-474-par2-yin-yin-mut-n26-violet-magenta.png,X2,par2:yin_mut+yang_mut,26,
475,motif-475-par2-yin-yin-mut-n27-violet-magenta.png,X2,par2:yin_mut+yang_mut,27,
476,motif-476-par2-yin-yin-mut-n28-violet-magenta.png,X2,par2:yin_mut+yang_mut,28,
477,motif-477-par2-yin-yin-mut-n29-violet-magenta.png,X2,par2:yin_mut+yang_mut,29,
478,motif-478-par2-yin-yin-mut-n30-violet-magenta.png,X2,par2:yin_mut+yang_mut,30,
479,motif-479-par2-yin-yin-mut-n31-violet-magenta.png,X2,par2:yin_mut+yang_mut,31,
480,motif-480-par2-yin-yin-mut-n32-violet-magenta.png,X2,par2:yin_mut+yang_mut,32,
481,motif-481-par2-yin-yin-mut-n33-violet-magenta.png,X2,par2:yin_mut+yang_mut,33,
482,motif-482-par2-yin-yin-mut-n34-violet-magenta.png,X2,par2:yin_mut+yang_mut,34,
483,motif-483-par2-yin-yin-mut-n35-violet-magenta.png,X2,par2:yin_mut+yang_mut,35,
484,motif-484-par2-yin-yin-mut-n36-violet-magenta.png,X2,par2:yin_mut+yang_mut,36,
485,motif-485-par2-yin-yin-mut-n37-violet-magenta.png,X2,par2:yin_mut+yang_mut,37,
486,motif-486-par2-yin-yin-mut-n38-violet-magenta.png,X2,par2:yin_mut+yang_mut,38,
487,motif-487-par2-yin-yin-mut-n39-violet-magenta.png,X2,par2:yin_mut+yang_mut,39,
488,motif-488-par2-yin-yin-mut-n40-violet-magenta.png,X2,par2:yin_mut+yang_mut,40,
489,motif-489-par2-yin-yin-mut-n41-violet-magenta.png,X2,par2:yin_mut+yang_mut,41,
490,motif-490-par2-yin-yin-mut-n42-violet-magenta.png,X2,par2:yin_mut+yang_mut,42,
491,motif-491-par2-yin-yin-mut-n43-violet-magenta.png,X2,par2:yin_mut+yang_mut,43,
492,motif-492-par2-yin-yin-mut-n44-violet-magenta.png,X2,par2:yin_mut+yang_mut,44,
493,motif-493-par2-yin-yin-mut-n45-violet-magenta.png,X2,par2:yin_mut+yang_mut,45,
494,motif-494-par2-yin-yin-mut-n46-violet-magenta.png,X2,par2:yin_mut+yang_mut,46,
495,motif-495-par2-yin-yin-mut-n47-violet-magenta.png,X2,par2:yin_mut+yang_mut,47,
496,motif-496-par2-yin-yin-mut-n48-violet-magenta.png,X2,par2:yin_mut+yang_mut,48,
497,motif-497-par2-yin-yin-mut-n49-violet-magenta.png,X2,par2:yin_mut+yang_mut,49,
498,motif-498-par2-yin-yin-mut-n50-violet-magenta.png,X2,par2:yin_mut+yang_mut,50,
499,motif-499-par2-yin-yin-mut-n51-violet-magenta.png,X2,par2:yin_mut+yang_mut,51,
500,motif-500-par2-yin-yin-mut-n52-violet-magenta.png,X2,par2:yin_mut+yang_mut,52,
501,motif-501-par2-yin-yin-mut-n53-violet-magenta.png,X2,par2:yin_mut+yang_mut,53,
502,motif-502-par2-yin-yin-mut-n54-violet-magenta.png,X2,par2:yin_mut+yang_mut,54,
503,motif-503-par2-yin-yin-mut-n55-violet-magenta.png,X2,par2:yin_mut+yang_mut,55,
504,motif-504-par2-yin-yin-mut-n56-violet-magenta.png,X2,par2:yin_mut+yang_mut,56,
505,motif-505-par2-yin-yin-mut-n57-violet-magenta.png,X2,par2:yin_mut+yang_mut,57,
506,motif-506-par2-yin-yin-mut-n58-violet-magenta.png,X2,par2:yin_mut+yang_mut,58,
507,motif-507-par2-yin-yin-mut-n59-violet-magenta.png,X2,par2:yin_mut+yang_mut,59,
508,motif-508-par2-yin-yin-mut-n60-violet-magenta.png,X2,par2:yin_mut+yang_mut,60,
509,motif-509-par2-yin-yin-mut-n61-violet-magenta.png,X2,par2:yin_mut+yang_mut,61,
510,motif-510-par2-yin-yin-mut-n62-violet-magenta.png,X2,par2:yin_mut+yang_mut,62,
511,motif-511-par2-yin-yin-mut-n63-violet-magenta.png,X2,par2:yin_mut+yang_mut,63,
512,motif-512-par2-yang-yang-mut-n0-violet-magenta.png,X2,par2:yin+yang,0,motifs/par2-yin-yang-h0.html
513,motif-513-par2-yang-yang-mut-n1-violet-magenta.png,X2,par2:yin+yang,1,motifs/par2-yin-yang-h1.html
514,motif-514-par2-yang-yang-mut-n2-violet-magenta.png,X2,par2:yin+yang,2,motifs/par2-yin-yang-h2.html
515,motif-515-par2-yang-yang-mut-n3-violet-magenta.png,X2,par2:yin+yang,3,motifs/par2-yin-yang-h3.html
516,motif-516-par2-yang-yang-mut-n4-violet-magenta.png,X2,par2:yin+yang,4,motifs/par2-yin-yang-h4.html
517,motif-517-par2-yang-yang-mut-n5-violet-magenta.png,X2,par2:yin+yang,5,motifs/par2-yin-yang-h5.html
518,motif-518-par2-yang-yang-mut-n6-violet-magenta.png,X2,par2:yin+yang,6,motifs/par2-yin-yang-h6.html
519,motif-519-par2-yang-yang-mut-n7-violet-magenta.png,X2,par2:yin+yang,7,motifs/par2-yin-yang-h7.html
520,motif-520-par2-yang-yang-mut-n8-violet-magenta.png,X2,par2:yin+yang,8,motifs/par2-yin-yang-h8.html
521,motif-521-par2-yang-yang-mut-n9-violet-magenta.png,X2,par2:yin+yang,9,motifs/par2-yin-yang-h9.html
522,motif-522-par2-yang-yang-mut-n10-violet-magenta.png,X2,par2:yin+yang,10,motifs/par2-yin-yang-h10.html
523,motif-523-par2-yang-yang-mut-n11-violet-magenta.png,X2,par2:yin+yang,11,motifs/par2-yin-yang-h11.html
524,motif-524-par2-yang-yang-mut-n12-violet-magenta.png,X2,par2:yin+yang,12,motifs/par2-yin-yang-h12.html
525,motif-525-par2-yang-yang-mut-n13-violet-magenta.png,X2,par2:yin+yang,13,motifs/par2-yin-yang-h13.html
526,motif-526-par2-yang-yang-mut-n14-violet-magenta.png,X2,par2:yin+yang,14,motifs/par2-yin-yang-h14.html
527,motif-527-par2-yang-yang-mut-n15-violet-magenta.png,X2,par2:yin+yang,15,motifs/par2-yin-yang-h15.html
528,motif-528-par2-yang-yang-mut-n16-violet-magenta.png,X2,par2:yin+yang,16,motifs/par2-yin-yang-h16.html
529,motif-529-par2-yang-yang-mut-n17-violet-magenta.png,X2,par2:yin+yang,17,motifs/par2-yin-yang-h17.html
530,motif-530-par2-yang-yang-mut-n18-violet-magenta.png,X2,par2:yin+yang,18,motifs/par2-yin-yang-h18.html
531,motif-531-par2-yang-yang-mut-n19-violet-magenta.png,X2,par2:yin+yang,19,motifs/par2-yin-yang-h19.html
532,motif-532-par2-yang-yang-mut-n20-violet-magenta.png,X2,par2:yin+yang,20,motifs/par2-yin-yang-h20.html
533,motif-533-par2-yang-yang-mut-n21-violet-magenta.png,X2,par2:yin+yang,21,motifs/par2-yin-yang-h21.html
534,motif-534-par2-yang-yang-mut-n22-violet-magenta.png,X2,par2:yin+yang,22,motifs/par2-yin-yang-h22.html
535,motif-535-par2-yang-yang-mut-n23-violet-magenta.png,X2,par2:yin+yang,23,motifs/par2-yin-yang-h23.html
536,motif-536-par2-yang-yang-mut-n24-violet-magenta.png,X2,par2:yin+yang,24,motifs/par2-yin-yang-h24.html
537,motif-537-par2-yang-yang-mut-n25-violet-magenta.png,X2,par2:yin+yang,25,motifs/par2-yin-yang-h25.html
538,motif-538-par2-yang-yang-mut-n26-violet-magenta.png,X2,par2:yin+yang,26,motifs/par2-yin-yang-h26.html
539,motif-539-par2-yang-yang-mut-n27-violet-magenta.png,X2,par2:yin+yang,27,motifs/par2-yin-yang-h27.html
540,motif-540-par2-yang-yang-mut-n28-violet-magenta.png,X2,par2:yin+yang,28,motifs/par2-yin-yang-h28.html
541,motif-541-par2-yang-yang-mut-n29-violet-magenta.png,X2,par2:yin+yang,29,motifs/par2-yin-yang-h29.html
542,motif-542-par2-yang-yang-mut-n30-violet-magenta.png,X2,par2:yin+yang,30,motifs/par2-yin-yang-h30.html
543,motif-543-par2-yang-yang-mut-n31-violet-magenta.png,X2,par2:yin+yang,31,motifs/par2-yin-yang-h31.html
544,motif-544-par2-yang-yang-mut-n32-violet-magenta.png,X2,par2:yin+yang,32,
545,motif-545-par2-yang-yang-mut-n33-violet-magenta.png,X2,par2:yin+yang,33,
546,motif-546-par2-yang-yang-mut-n34-violet-magenta.png,X2,par2:yin+yang,34,
547,motif-547-par2-yang-yang-mut-n35-violet-magenta.png,X2,par2:yin+yang,35,
548,motif-548-par2-yang-yang-mut-n36-violet-magenta.png,X2,par2:yin+yang,36,
549,motif-549-par2-yang-yang-mut-n37-violet-magenta.png,X2,par2:yin+yang,37,
550,motif-550-par2-yang-yang-mut-n38-violet-magenta.png,X2,par2:yin+yang,38,
551,motif-551-par2-yang-yang-mut-n39-violet-magenta.png,X2,par2:yin+yang,39,
552,motif-552-par2-yang-yang-mut-n40-violet-magenta.png,X2,par2:yin+yang,40,
553,motif-553-par2-yang-yang-mut-n41-violet-magenta.png,X2,par2:yin+yang,41,
554,motif-554-par2-yang-yang-mut-n42-violet-magenta.png,X2,par2:yin+yang,42,
555,motif-555-par2-yang-yang-mut-n43-violet-magenta.png,X2,par2:yin+yang,43,
556,motif-556-par2-yang-yang-mut-n44-violet-magenta.png,X2,par2:yin+yang,44,
557,motif-557-par2-yang-yang-mut-n45-violet-magenta.png,X2,par2:yin+yang,45,
558,motif-558-par2-yang-yang-mut-n46-violet-magenta.png,X2,par2:yin+yang,46,
559,motif-559-par2-yang-yang-mut-n47-violet-magenta.png,X2,par2:yin+yang,47,
560,motif-560-par2-yang-yang-mut-n48-violet-magenta.png,X2,par2:yin+yang,48,
561,motif-561-par2-yang-yang-mut-n49-violet-magenta.png,X2,par2:yin+yang,49,
562,motif-562-par2-yang-yang-mut-n50-violet-magenta.png,X2,par2:yin+yang,50,
563,motif-563-par2-yang-yang-mut-n51-violet-magenta.png,X2,par2:yin+yang,51,
564,motif-564-par2-yang-yang-mut-n52-violet-magenta.png,X2,par2:yin+yang,52,
565,motif-565-par2-yang-yang-mut-n53-violet-magenta.png,X2,par2:yin+yang,53,
566,motif-566-par2-yang-yang-mut-n54-violet-magenta.png,X2,par2:yin+yang,54,
567,motif-567-par2-yang-yang-mut-n55-violet-magenta.png,X2,par2:yin+yang,55,
568,motif-568-par2-yang-yang-mut-n56-violet-magenta.png,X2,par2:yin+yang,56,
569,motif-569-par2-yang-yang-mut-n57-violet-magenta.png,X2,par2:yin+yang,57,
570,motif-570-par2-yang-yang-mut-n58-violet-magenta.png,X2,par2:yin+yang,58,
571,motif-571-par2-yang-yang-mut-n59-violet-magenta.png,X2,par2:yin+yang,59,
572,motif-572-par2-yang-yang-mut-n60-violet-magenta.png,X2,par2:yin+yang,60,
573,motif-573-par2-yang-yang-mut-n61-violet-magenta.png,X2,par2:yin+yang,61,
574,motif-574-par2-yang-yang-mut-n62-violet-magenta.png,X2,par2:yin+yang,62,
575,motif-575-par2-yang-yang-mut-n63-violet-magenta.png,X2,par2:yin+yang,63,
576,motif-576-par2-yin-yin-mut-n0-violet-magenta.png,X2,par2:yin+yang,0,
577,motif-577-par2-yin-yin-mut-n1-violet-magenta.png,X2,par2:yin+yang,1,
578,motif-578-par2-yin-yin-mut-n2-violet-magenta.png,X2,par2:yin+yang,2,
579,motif-579-par2-yin-yin-mut-n3-violet-magenta.png,X2,par2:yin+yang,3,
580,motif-580-par2-yin-yin-mut-n4-violet-magenta.png,X2,par2:yin+yang,4,
581,motif-581-par2-yin-yin-mut-n5-violet-magenta.png,X2,par2:yin+yang,5,
582,motif-582-par2-yin-yin-mut-n6-violet-magenta.png,X2,par2:yin+yang,6,
583,motif-583-par2-yin-yin-mut-n7-violet-magenta.png,X2,par2:yin+yang,7,
584,motif-584-par2-yin-yin-mut-n8-violet-magenta.png,X2,par2:yin+yang,8,
585,motif-585-par2-yin-yin-mut-n9-violet-magenta.png,X2,par2:yin+yang,9,
586,motif-586-par2-yin-yin-mut-n10-violet-magenta.png,X2,par2:yin+yang,10,
587,motif-587-par2-yin-yin-mut-n11-violet-magenta.png,X2,par2:yin+yang,11,
588,motif-588-par2-yin-yin-mut-n12-violet-magenta.png,X2,par2:yin+yang,12,
589,motif-589-par2-yin-yin-mut-n13-violet-magenta.png,X2,par2:yin+yang,13,
590,motif-590-par2-yin-yin-mut-n14-violet-magenta.png,X2,par2:yin+yang,14,
591,motif-591-par2-yin-yin-mut-n15-violet-magenta.png,X2,par2:yin+yang,15,
592,motif-592-par2-yin-yin-mut-n16-violet-magenta.png,X2,par2:yin+yang,16,
593,motif-593-par2-yin-yin-mut-n17-violet-magenta.png,X2,par2:yin+yang,17,
594,motif-594-par2-yin-yin-mut-n18-violet-magenta.png,X2,par2:yin+yang,18,
595,motif-595-par2-yin-yin-mut-n19-violet-magenta.png,X2,par2:yin+yang,19,
596,motif-596-par2-yin-yin-mut-n20-violet-magenta.png,X2,par2:yin+yang,20,
597,motif-597-par2-yin-yin-mut-n21-violet-magenta.png,X2,par2:yin+yang,21,
598,motif-598-par2-yin-yin-mut-n22-violet-magenta.png,X2,par2:yin+yang,22,
599,motif-599-par2-yin-yin-mut-n23-violet-magenta.png,X2,par2:yin+yang,23,
600,motif-600-par2-yin-yin-mut-n24-violet-magenta.png,X2,par2:yin+yang,24,
601,motif-601-par2-yin-yin-mut-n25-violet-magenta.png,X2,par2:yin+yang,25,
602,motif-602-par2-yin-yin-mut-n26-violet-magenta.png,X2,par2:yin+yang,26,
603,motif-603-par2-yin-yin-mut-n27-violet-magenta.png,X2,par2:yin+yang,27,
604,motif-604-par2-yin-yin-mut-n28-violet-magenta.png,X2,par2:yin+yang,28,
605,motif-605-par2-yin-yin-mut-n29-violet-magenta.png,X2,par2:yin+yang,29,
606,motif-606-par2-yin-yin-mut-n30-violet-magenta.png,X2,par2:yin+yang,30,
607,motif-607-par2-yin-yin-mut-n31-violet-magenta.png,X2,par2:yin+yang,31,
608,motif-608-par2-yin-yin-mut-n32-violet-magenta.png,X2,par2:yin+yang,32,
609,motif-609-par2-yin-yin-mut-n33-violet-magenta.png,X2,par2:yin+yang,33,
610,motif-610-par2-yin-yin-mut-n34-violet-magenta.png,X2,par2:yin+yang,34,
611,motif-611-par2-yin-yin-mut-n35-violet-magenta.png,X2,par2:yin+yang,35,
612,motif-612-par2-yin-yin-mut-n36-violet-magenta.png,X2,par2:yin+yang,36,
613,motif-613-par2-yin-yin-mut-n37-violet-magenta.png,X2,par2:yin+yang,37,
614,motif-614-par2-yin-yin-mut-n38-violet-magenta.png,X2,par2:yin+yang,38,
615,motif-615-par2-yin-yin-mut-n39-violet-magenta.png,X2,par2:yin+yang,39,
616,motif-616-par2-yin-yin-mut-n40-violet-magenta.png,X2,par2:yin+yang,40,
617,motif-617-par2-yin-yin-mut-n41-violet-magenta.png,X2,par2:yin+yang,41,
618,motif-618-par2-yin-yin-mut-n42-violet-magenta.png,X2,par2:yin+yang,42,
619,motif-619-par2-yin-yin-mut-n43-violet-magenta.png,X2,par2:yin+yang,43,
620,motif-620-par2-yin-yin-mut-n44-violet-magenta.png,X2,par2:yin+yang,44,
621,motif-621-par2-yin-yin-mut-n45-violet-magenta.png,X2,par2:yin+yang,45,
622,motif-622-par2-yin-yin-mut-n46-violet-magenta.png,X2,par2:yin+yang,46,
623,motif-623-par2-yin-yin-mut-n47-violet-magenta.png,X2,par2:yin+yang,47,
624,motif-624-par2-yin-yin-mut-n48-violet-magenta.png,X2,par2:yin+yang,48,
625,motif-625-par2-yin-yin-mut-n49-violet-magenta.png,X2,par2:yin+yang,49,
626,motif-626-par2-yin-yin-mut-n50-violet-magenta.png,X2,par2:yin+yang,50,
627,motif-627-par2-yin-yin-mut-n51-violet-magenta.png,X2,par2:yin+yang,51,
628,motif-628-par2-yin-yin-mut-n52-violet-magenta.png,X2,par2:yin+yang,52,
629,motif-629-par2-yin-yin-mut-n53-violet-magenta.png,X2,par2:yin+yang,53,
630,motif-630-par2-yin-yin-mut-n54-violet-magenta.png,X2,par2:yin+yang,54,
631,motif-631-par2-yin-yin-mut-n55-violet-magenta.png,X2,par2:yin+yang,55,
632,motif-632-par2-yin-yin-mut-n56-violet-magenta.png,X2,par2:yin+yang,56,
633,motif-633-par2-yin-yin-mut-n57-violet-magenta.png,X2,par2:yin+yang,57,
634,motif-634-par2-yin-yin-mut-n58-violet-magenta.png,X2,par2:yin+yang,58,
635,motif-635-par2-yin-yin-mut-n59-violet-magenta.png,X2,par2:yin+yang,59,
636,motif-636-par2-yin-yin-mut-n60-violet-magenta.png,X2,par2:yin+yang,60,
637,motif-637-par2-yin-yin-mut-n61-violet-magenta.png,X2,par2:yin+yang,61,
638,motif-638-par2-yin-yin-mut-n62-violet-magenta.png,X2,par2:yin+yang,62,
639,motif-639-par2-yin-yin-mut-n63-violet-magenta.png,X2,par2:yin+yang,63,
640,motif-640-par2-yang-yang-mut-n0-violet-magenta.png,X2,par2:yin+yang_mut,0,motifs/par2-yin-yang-mut-h0.html
641,motif-641-par2-yang-yang-mut-n1-violet-magenta.png,X2,par2:yin+yang_mut,1,motifs/par2-yin-yang-mut-h1.html
642,motif-642-par2-yang-yang-mut-n2-violet-magenta.png,X2,par2:yin+yang_mut,2,motifs/par2-yin-yang-mut-h2.html
643,motif-643-par2-yang-yang-mut-n3-violet-magenta.png,X2,par2:yin+yang_mut,3,motifs/par2-yin-yang-mut-h3.html
644,motif-644-par2-yang-yang-mut-n4-violet-magenta.png,X2,par2:yin+yang_mut,4,motifs/par2-yin-yang-mut-h4.html
645,motif-645-par2-yang-yang-mut-n5-violet-magenta.png,X2,par2:yin+yang_mut,5,motifs/par2-yin-yang-mut-h5.html
646,motif-646-par2-yang-yang-mut-n6-violet-magenta.png,X2,par2:yin+yang_mut,6,motifs/par2-yin-yang-mut-h6.html
647,motif-647-par2-yang-yang-mut-n7-violet-magenta.png,X2,par2:yin+yang_mut,7,motifs/par2-yin-yang-mut-h7.html
648,motif-648-par2-yang-yang-mut-n8-violet-magenta.png,X2,par2:yin+yang_mut,8,motifs/par2-yin-yang-mut-h8.html
649,motif-649-par2-yang-yang-mut-n9-violet-magenta.png,X2,par2:yin+yang_mut,9,motifs/par2-yin-yang-mut-h9.html
650,motif-650-par2-yang-yang-mut-n10-violet-magenta.png,X2,par2:yin+yang_mut,10,motifs/par2-yin-yang-mut-h10.html
651,motif-651-par2-yang-yang-mut-n11-violet-magenta.png,X2,par2:yin+yang_mut,11,motifs/par2-yin-yang-mut-h11.html
652,motif-652-par2-yang-yang-mut-n12-violet-magenta.png,X2,par2:yin+yang_mut,12,motifs/par2-yin-yang-mut-h12.html
653,motif-653-par2-yang-yang-mut-n13-violet-magenta.png,X2,par2:yin+yang_mut,13,motifs/par2-yin-yang-mut-h13.html
654,motif-654-par2-yang-yang-mut-n14-violet-magenta.png,X2,par2:yin+yang_mut,14,motifs/par2-yin-yang-mut-h14.html
655,motif-655-par2-yang-yang-mut-n15-violet-magenta.png,X2,par2:yin+yang_mut,15,motifs/par2-yin-yang-mut-h15.html
656,motif-656-par2-yang-yang-mut-n16-violet-magenta.png,X2,par2:yin+yang_mut,16,motifs/par2-yin-yang-mut-h16.html
657,motif-657-par2-yang-yang-mut-n17-violet-magenta.png,X2,par2:yin+yang_mut,17,motifs/par2-yin-yang-mut-h17.html
658,motif-658-par2-yang-yang-mut-n18-violet-magenta.png,X2,par2:yin+yang_mut,18,motifs/par2-yin-yang-mut-h18.html
659,motif-659-par2-yang-yang-mut-n19-violet-magenta.png,X2,par2:yin+yang_mut,19,motifs/par2-yin-yang-mut-h19.html
660,motif-660-par2-yang-yang-mut-n20-violet-magenta.png,X2,par2:yin+yang_mut,20,motifs/par2-yin-yang-mut-h20.html
661,motif-661-par2-yang-yang-mut-n21-violet-magenta.png,X2,par2:yin+yang_mut,21,motifs/par2-yin-yang-mut-h21.html
662,motif-662-par2-yang-yang-mut-n22-violet-magenta.png,X2,par2:yin+yang_mut,22,motifs/par2-yin-yang-mut-h22.html
663,motif-663-par2-yang-yang-mut-n23-violet-magenta.png,X2,par2:yin+yang_mut,23,motifs/par2-yin-yang-mut-h23.html
664,motif-664-par2-yang-yang-mut-n24-violet-magenta.png,X2,par2:yin+yang_mut,24,motifs/par2-yin-yang-mut-h24.html
665,motif-665-par2-yang-yang-mut-n25-violet-magenta.png,X2,par2:yin+yang_mut,25,motifs/par2-yin-yang-mut-h25.html
666,motif-666-par2-yang-yang-mut-n26-violet-magenta.png,X2,par2:yin+yang_mut,26,motifs/par2-yin-yang-mut-h26.html
667,motif-667-par2-yang-yang-mut-n27-violet-magenta.png,X2,par2:yin+yang_mut,27,motifs/par2-yin-yang-mut-h27.html
668,motif-668-par2-yang-yang-mut-n28-violet-magenta.png,X2,par2:yin+yang_mut,28,motifs/par2-yin-yang-mut-h28.html
669,motif-669-par2-yang-yang-mut-n29-violet-magenta.png,X2,par2:yin+yang_mut,29,motifs/par2-yin-yang-mut-h29.html
670,motif-670-par2-yang-yang-mut-n30-violet-magenta.png,X2,par2:yin+yang_mut,30,motifs/par2-yin-yang-mut-h30.html
671,motif-671-par2-yang-yang-mut-n31-violet-magenta.png,X2,par2:yin+yang_mut,31,motifs/par2-yin-yang-mut-h31.html
672,motif-672-par2-yang-yang-mut-n32-violet-magenta.png,X2,par2:yin+yang_mut,32,
673,motif-673-par2-yang-yang-mut-n33-violet-magenta.png,X2,par2:yin+yang_mut,33,
674,motif-674-par2-yang-yang-mut-n34-violet-magenta.png,X2,par2:yin+yang_mut,34,
675,motif-675-par2-yang-yang-mut-n35-violet-magenta.png,X2,par2:yin+yang_mut,35,
676,motif-676-par2-yang-yang-mut-n36-violet-magenta.png,X2,par2:yin+yang_mut,36,
677,motif-677-par2-yang-yang-mut-n37-violet-magenta.png,X2,par2:yin+yang_mut,37,
678,motif-678-par2-yang-yang-mut-n38-violet-magenta.png,X2,par2:yin+yang_mut,38,
679,motif-679-par2-yang-yang-mut-n39-violet-magenta.png,X2,par2:yin+yang_mut,39,
680,motif-680-par2-yang-yang-mut-n40-violet-magenta.png,X2,par2:yin+yang_mut,40,
681,motif-681-par2-yang-yang-mut-n41-violet-magenta.png,X2,par2:yin+yang_mut,41,
682,motif-682-par2-yang-yang-mut-n42-violet-magenta.png,X2,par2:yin+yang_mut,42,
683,motif-683-par2-yang-yang-mut-n43-violet-magenta.png,X2,par2:yin+yang_mut,43,
684,motif-684-par2-yang-yang-mut-n44-violet-magenta.png,X2,par2:yin+yang_mut,44,
685,motif-685-par2-yang-yang-mut-n45-violet-magenta.png,X2,par2:yin+yang_mut,45,
686,motif-686-par2-yang-yang-mut-n46-violet-magenta.png,X2,par2:yin+yang_mut,46,
687,motif-687-par2-yang-yang-mut-n47-violet-magenta.png,X2,par2:yin+yang_mut,47,
688,motif-688-par2-yang-yang-mut-n48-violet-magenta.png,X2,par2:yin+yang_mut,48,
689,motif-689-par2-yang-yang-mut-n49-violet-magenta.png,X2,par2:yin+yang_mut,49,
690,motif-690-par2-yang-yang-mut-n50-violet-magenta.png,X2,par2:yin+yang_mut,50,
691,motif-691-par2-yang-yang-mut-n51-violet-magenta.png,X2,par2:yin+yang_mut,51,
692,motif-692-par2-yang-yang-mut-n52-violet-magenta.png,X2,par2:yin+yang_mut,52,
693,motif-693-par2-yang-yang-mut-n53-violet-magenta.png,X2,par2:yin+yang_mut,53,
694,motif-694-par2-yang-yang-mut-n54-violet-magenta.png,X2,par2:yin+yang_mut,54,
695,motif-695-par2-yang-yang-mut-n55-violet-magenta.png,X2,par2:yin+yang_mut,55,
696,motif-696-par2-yang-yang-mut-n56-violet-magenta.png,X2,par2:yin+yang_mut,56,
697,motif-697-par2-yang-yang-mut-n57-violet-magenta.png,X2,par2:yin+yang_mut,57,
698,motif-698-par2-yang-yang-mut-n58-violet-magenta.png,X2,par2:yin+yang_mut,58,
699,motif-699-par2-yang-yang-mut-n59-violet-magenta.png,X2,par2:yin+yang_mut,59,
700,motif-700-par2-yang-yang-mut-n60-violet-magenta.png,X2,par2:yin+yang_mut,60,
701,motif-701-par2-yang-yang-mut-n61-violet-magenta.png,X2,par2:yin+yang_mut,61,
702,motif-702-par2-yang-yang-mut-n62-violet-magenta.png,X2,par2:yin+yang_mut,62,
703,motif-703-par2-yang-yang-mut-n63-violet-magenta.png,X2,par2:yin+yang_mut,63,
704,motif-704-par2-yin-yin-mut-n0-violet-magenta.png,X2,par2:yin+yang_mut,0,
705,motif-705-par2-yin-yin-mut-n1-violet-magenta.png,X2,par2:yin+yang_mut,1,
706,motif-706-par2-yin-yin-mut-n2-violet-magenta.png,X2,par2:yin+yang_mut,2,
707,motif-707-par2-yin-yin-mut-n3-violet-magenta.png,X2,par2:yin+yang_mut,3,
708,motif-708-par2-yin-yin-mut-n4-violet-magenta.png,X2,par2:yin+yang_mut,4,
709,motif-709-par2-yin-yin-mut-n5-violet-magenta.png,X2,par2:yin+yang_mut,5,
710,motif-710-par2-yin-yin-mut-n6-violet-magenta.png,X2,par2:yin+yang_mut,6,
711,motif-711-par2-yin-yin-mut-n7-violet-magenta.png,X2,par2:yin+yang_mut,7,
712,motif-712-par2-yin-yin-mut-n8-violet-magenta.png,X2,par2:yin+yang_mut,8,
713,motif-713-par2-yin-yin-mut-n9-violet-magenta.png,X2,par2:yin+yang_mut,9,
714,motif-714-par2-yin-yin-mut-n10-violet-magenta.png,X2,par2:yin+yang_mut,10,
715,motif-715-par2-yin-yin-mut-n11-violet-magenta.png,X2,par2:yin+yang_mut,11,
716,motif-716-par2-yin-yin-mut-n12-violet-magenta.png,X2,par2:yin+yang_mut,12,
717,motif-717-par2-yin-yin-mut-n13-violet-magenta.png,X2,par2:yin+yang_mut,13,
718,motif-718-par2-yin-yin-mut-n14-violet-magenta.png,X2,par2:yin+yang_mut,14,
719,motif-719-par2-yin-yin-mut-n15-violet-magenta.png,X2,par2:yin+yang_mut,15,
720,motif-720-par2-yin-yin-mut-n16-violet-magenta.png,X2,par2:yin+yang_mut,16,
721,motif-721-par2-yin-yin-mut-n17-violet-magenta.png,X2,par2:yin+yang_mut,17,
722,motif-722-par2-yin-yin-mut-n18-violet-magenta.png,X2,par2:yin+yang_mut,18,
723,motif-723-par2-yin-yin-mut-n19-violet-magenta.png,X2,par2:yin+yang_mut,19,
724,motif-724-par2-yin-yin-mut-n20-violet-magenta.png,X2,par2:yin+yang_mut,20,
725,motif-725-par2-yin-yin-mut-n21-violet-magenta.png,X2,par2:yin+yang_mut,21,
726,motif-726-par2-yin-yin-mut-n22-violet-magenta.png,X2,par2:yin+yang_mut,22,
727,motif-727-par2-yin-yin-mut-n23-violet-magenta.png,X2,par2:yin+yang_mut,23,
728,motif-728-par2-yin-yin-mut-n24-violet-magenta.png,X2,par2:yin+yang_mut,24,
729,motif-729-par2-yin-yin-mut-n25-violet-magenta.png,X2,par2:yin+yang_mut,25,
730,motif-730-par2-yin-yin-mut-n26-violet-magenta.png,X2,par2:yin+yang_mut,26,
731,motif-731-par2-yin-yin-mut-n27-violet-magenta.png,X2,par2:yin+yang_mut,27,
732,motif-732-par2-yin-yin-mut-n28-violet-magenta.png,X2,par2:yin+yang_mut,28,
733,motif-733-par2-yin-yin-mut-n29-violet-magenta.png,X2,par2:yin+yang_mut,29,
734,motif-734-par2-yin-yin-mut-n30-violet-magenta.png,X2,par2:yin+yang_mut,30,
735,motif-735-par2-yin-yin-mut-n31-violet-magenta.png,X2,par2:yin+yang_mut,31,
736,motif-736-par2-yin-yin-mut-n32-violet-magenta.png,X2,par2:yin+yang_mut,32,
737,motif-737-par2-yin-yin-mut-n33-violet-magenta.png,X2,par2:yin+yang_mut,33,
738,motif-738-par2-yin-yin-mut-n34-violet-magenta.png,X2,par2:yin+yang_mut,34,
739,motif-739-par2-yin-yin-mut-n35-violet-magenta.png,X2,par2:yin+yang_mut,35,
740,motif-740-par2-yin-yin-mut-n36-violet-magenta.png,X2,par2:yin+yang_mut,36,
741,motif-741-par2-yin-yin-mut-n37-violet-magenta.png,X2,par2:yin+yang_mut,37,
742,motif-742-par2-yin-yin-mut-n38-violet-magenta.png,X2,par2:yin+yang_mut,38,
743,motif-743-par2-yin-yin-mut-n39-violet-magenta.png,X2,par2:yin+yang_mut,39,
744,motif-744-par2-yin-yin-mut-n40-violet-magenta.png,X2,par2:yin+yang_mut,40,
745,motif-745-par2-yin-yin-mut-n41-violet-magenta.png,X2,par2:yin+yang_mut,41,
746,motif-746-par2-yin-yin-mut-n42-violet-magenta.png,X2,par2:yin+yang_mut,42,
747,motif-747-par2-yin-yin-mut-n43-violet-magenta.png,X2,par2:yin+yang_mut,43,
748,motif-748-par2-yin-yin-mut-n44-violet-magenta.png,X2,par2:yin+yang_mut,44,
749,motif-749-par2-yin-yin-mut-n45-violet-magenta.png,X2,par2:yin+yang_mut,45,
750,motif-750-par2-yin-yin-mut-n46-violet-magenta.png,X2,par2:yin+yang_mut,46,
751,motif-751-par2-yin-yin-mut-n47-violet-magenta.png,X2,par2:yin+yang_mut,47,
752,motif-752-par2-yin-yin-mut-n48-violet-magenta.png,X2,par2:yin+yang_mut,48,
753,motif-753-par2-yin-yin-mut-n49-violet-magenta.png,X2,par2:yin+yang_mut,49,
754,motif-754-par2-yin-yin-mut-n50-violet-magenta.png,X2,par2:yin+yang_mut,50,
755,motif-755-par2-yin-yin-mut-n51-violet-magenta.png,X2,par2:yin+yang_mut,51,
756,motif-756-par2-yin-yin-mut-n52-violet-magenta.png,X2,par2:yin+yang_mut,52,
757,motif-757-par2-yin-yin-mut-n53-violet-magenta.png,X2,par2:yin+yang_mut,53,
758,motif-758-par2-yin-yin-mut-n54-violet-magenta.png,X2,par2:yin+yang_mut,54,
759,motif-759-par2-yin-yin-mut-n55-violet-magenta.png,X2,par2:yin+yang_mut,55,
760,motif-760-par2-yin-yin-mut-n56-violet-magenta.png,X2,par2:yin+yang_mut,56,
761,motif-761-par2-yin-yin-mut-n57-violet-magenta.png,X2,par2:yin+yang_mut,57,
762,motif-762-par2-yin-yin-mut-n58-violet-magenta.png,X2,par2:yin+yang_mut,58,
763,motif-763-par2-yin-yin-mut-n59-violet-magenta.png,X2,par2:yin+yang_mut,59,
764,motif-764-par2-yin-yin-mut-n60-violet-magenta.png,X2,par2:yin+yang_mut,60,
765,motif-765-par2-yin-yin-mut-n61-violet-magenta.png,X2,par2:yin+yang_mut,61,
766,motif-766-par2-yin-yin-mut-n62-violet-magenta.png,X2,par2:yin+yang_mut,62,
767,motif-767-par2-yin-yin-mut-n63-violet-magenta.png,X2,par2:yin+yang_mut,63,
768,motif-768-par3-yang-yang-mut-n0-violet-magenta.png,X3,par3:sans_yang,0,motifs/par3-sans-yang-h0.html
769,motif-769-par3-yang-yang-mut-n1-violet-magenta.png,X3,par3:sans_yang,1,motifs/par3-sans-yang-h1.html
770,motif-770-par3-yang-yang-mut-n2-violet-magenta.png,X3,par3:sans_yang,2,motifs/par3-sans-yang-h2.html
771,motif-771-par3-yang-yang-mut-n3-violet-magenta.png,X3,par3:sans_yang,3,motifs/par3-sans-yang-h3.html
772,motif-772-par3-yang-yang-mut-n4-violet-magenta.png,X3,par3:sans_yang,4,motifs/par3-sans-yang-h4.html
773,motif-773-par3-yang-yang-mut-n5-violet-magenta.png,X3,par3:sans_yang,5,motifs/par3-sans-yang-h5.html
774,motif-774-par3-yang-yang-mut-n6-violet-magenta.png,X3,par3:sans_yang,6,motifs/par3-sans-yang-h6.html
775,motif-775-par3-yang-yang-mut-n7-violet-magenta.png,X3,par3:sans_yang,7,motifs/par3-sans-yang-h7.html
776,motif-776-par3-yang-yang-mut-n8-violet-magenta.png,X3,par3:sans_yang,8,motifs/par3-sans-yang-h8.html
777,motif-777-par3-yang-yang-mut-n9-violet-magenta.png,X3,par3:sans_yang,9,motifs/par3-sans-yang-h9.html
778,motif-778-par3-yang-yang-mut-n10-violet-magenta.png,X3,par3:sans_yang,10,motifs/par3-sans-yang-h10.html
779,motif-779-par3-yang-yang-mut-n11-violet-magenta.png,X3,par3:sans_yang,11,motifs/par3-sans-yang-h11.html
780,motif-780-par3-yang-yang-mut-n12-violet-magenta.png,X3,par3:sans_yang,12,motifs/par3-sans-yang-h12.html
781,motif-781-par3-yang-yang-mut-n13-violet-magenta.png,X3,par3:sans_yang,13,motifs/par3-sans-yang-h13.html
782,motif-782-par3-yang-yang-mut-n14-violet-magenta.png,X3,par3:sans_yang,14,motifs/par3-sans-yang-h14.html
783,motif-783-par3-yang-yang-mut-n15-violet-magenta.png,X3,par3:sans_yang,15,motifs/par3-sans-yang-h15.html
784,motif-784-par3-yang-yang-mut-n16-violet-magenta.png,X3,par3:sans_yang,16,motifs/par3-sans-yang-h16.html
785,motif-785-par3-yang-yang-mut-n17-violet-magenta.png,X3,par3:sans_yang,17,motifs/par3-sans-yang-h17.html
786,motif-786-par3-yang-yang-mut-n18-violet-magenta.png,X3,par3:sans_yang,18,motifs/par3-sans-yang-h18.html
787,motif-787-par3-yang-yang-mut-n19-violet-magenta.png,X3,par3:sans_yang,19,motifs/par3-sans-yang-h19.html
788,motif-788-par3-yang-yang-mut-n20-violet-magenta.png,X3,par3:sans_yang,20,motifs/par3-sans-yang-h20.html
789,motif-789-par3-yang-yang-mut-n21-violet-magenta.png,X3,par3:sans_yang,21,motifs/par3-sans-yang-h21.html
790,motif-790-par3-yang-yang-mut-n22-violet-magenta.png,X3,par3:sans_yang,22,motifs/par3-sans-yang-h22.html
791,motif-791-par3-yang-yang-mut-n23-violet-magenta.png,X3,par3:sans_yang,23,motifs/par3-sans-yang-h23.html
792,motif-792-par3-yang-yang-mut-n24-violet-magenta.png,X3,par3:sans_yang,24,motifs/par3-sans-yang-h24.html
793,motif-793-par3-yang-yang-mut-n25-violet-magenta.png,X3,par3:sans_yang,25,motifs/par3-sans-yang-h25.html
794,motif-794-par3-yang-yang-mut-n26-violet-magenta.png,X3,par3:sans_yang,26,motifs/par3-sans-yang-h26.html
795,motif-795-par3-yang-yang-mut-n27-violet-magenta.png,X3,par3:sans_yang,27,motifs/par3-sans-yang-h27.html
796,motif-796-par3-yang-yang-mut-n28-violet-magenta.png,X3,par3:sans_yang,28,motifs/par3-sans-yang-h28.html
797,motif-797-par3-yang-yang-mut-n29-violet-magenta.png,X3,par3:sans_yang,29,motifs/par3-sans-yang-h29.html
798,motif-798-par3-yang-yang-mut-n30-violet-magenta.png,X3,par3:sans_yang,30,motifs/par3-sans-yang-h30.html
799,motif-799-par3-yang-yang-mut-n31-violet-magenta.png,X3,par3:sans_yang,31,motifs/par3-sans-yang-h31.html
800,motif-800-par3-yang-yang-mut-n32-violet-magenta.png,X3,par3:sans_yang,32,
801,motif-801-par3-yang-yang-mut-n33-violet-magenta.png,X3,par3:sans_yang,33,
802,motif-802-par3-yang-yang-mut-n34-violet-magenta.png,X3,par3:sans_yang,34,
803,motif-803-par3-yang-yang-mut-n35-violet-magenta.png,X3,par3:sans_yang,35,
804,motif-804-par3-yang-yang-mut-n36-violet-magenta.png,X3,par3:sans_yang,36,
805,motif-805-par3-yang-yang-mut-n37-violet-magenta.png,X3,par3:sans_yang,37,
806,motif-806-par3-yang-yang-mut-n38-violet-magenta.png,X3,par3:sans_yang,38,
807,motif-807-par3-yang-yang-mut-n39-violet-magenta.png,X3,par3:sans_yang,39,
808,motif-808-par3-yang-yang-mut-n40-violet-magenta.png,X3,par3:sans_yang,40,
809,motif-809-par3-yang-yang-mut-n41-violet-magenta.png,X3,par3:sans_yang,41,
810,motif-810-par3-yang-yang-mut-n42-violet-magenta.png,X3,par3:sans_yang,42,
811,motif-811-par3-yang-yang-mut-n43-violet-magenta.png,X3,par3:sans_yang,43,
812,motif-812-par3-yang-yang-mut-n44-violet-magenta.png,X3,par3:sans_yang,44,
813,motif-813-par3-yang-yang-mut-n45-violet-magenta.png,X3,par3:sans_yang,45,
814,motif-814-par3-yang-yang-mut-n46-violet-magenta.png,X3,par3:sans_yang,46,
815,motif-815-par3-yang-yang-mut-n47-violet-magenta.png,X3,par3:sans_yang,47,
816,motif-816-par3-yang-yang-mut-n48-violet-magenta.png,X3,par3:sans_yang,48,
817,motif-817-par3-yang-yang-mut-n49-violet-magenta.png,X3,par3:sans_yang,49,
818,motif-818-par3-yang-yang-mut-n50-violet-magenta.png,X3,par3:sans_yang,50,
819,motif-819-par3-yang-yang-mut-n51-violet-magenta.png,X3,par3:sans_yang,51,
820,motif-820-par3-yang-yang-mut-n52-violet-magenta.png,X3,par3:sans_yang,52,
821,motif-821-par3-yang-yang-mut-n53-violet-magenta.png,X3,par3:sans_yang,53,
822,motif-822-par3-yang-yang-mut-n54-violet-magenta.png,X3,par3:sans_yang,54,
823,motif-823-par3-yang-yang-mut-n55-violet-magenta.png,X3,par3:sans_yang,55,
824,motif-824-par3-yang-yang-mut-n56-violet-magenta.png,X3,par3:sans_yang,56,
825,motif-825-par3-yang-yang-mut-n57-violet-magenta.png,X3,par3:sans_yang,57,
826,motif-826-par3-yang-yang-mut-n58-violet-magenta.png,X3,par3:sans_yang,58,
827,motif-827-par3-yang-yang-mut-n59-violet-magenta.png,X3,par3:sans_yang,59,
828,motif-828-par3-yang-yang-mut-n60-violet-magenta.png,X3,par3:sans_yang,60,
829,motif-829-par3-yang-yang-mut-n61-violet-magenta.png,X3,par3:sans_yang,61,
830,motif-830-par3-yang-yang-mut-n62-violet-magenta.png,X3,par3:sans_yang,62,
831,motif-831-par3-yang-yang-mut-n63-violet-magenta.png,X3,par3:sans_yang,63,
832,motif-832-par3-yin-yin-mut-n0-violet-magenta.png,X3,par3:sans_yang,0,
833,motif-833-par3-yin-yin-mut-n1-violet-magenta.png,X3,par3:sans_yang,1,
834,motif-834-par3-yin-yin-mut-n2-violet-magenta.png,X3,par3:sans_yang,2,
835,motif-835-par3-yin-yin-mut-n3-violet-magenta.png,X3,par3:sans_yang,3,
836,motif-836-par3-yin-yin-mut-n4-violet-magenta.png,X3,par3:sans_yang,4,
837,motif-837-par3-yin-yin-mut-n5-violet-magenta.png,X3,par3:sans_yang,5,
838,motif-838-par3-yin-yin-mut-n6-violet-magenta.png,X3,par3:sans_yang,6,
839,motif-839-par3-yin-yin-mut-n7-violet-magenta.png,X3,par3:sans_yang,7,
840,motif-840-par3-yin-yin-mut-n8-violet-magenta.png,X3,par3:sans_yang,8,
841,motif-841-par3-yin-yin-mut-n9-violet-magenta.png,X3,par3:sans_yang,9,
842,motif-842-par3-yin-yin-mut-n10-violet-magenta.png,X3,par3:sans_yang,10,
843,motif-843-par3-yin-yin-mut-n11-violet-magenta.png,X3,par3:sans_yang,11,
844,motif-844-par3-yin-yin-mut-n12-violet-magenta.png,X3,par3:sans_yang,12,
845,motif-845-par3-yin-yin-mut-n13-violet-magenta.png,X3,par3:sans_yang,13,
846,motif-846-par3-yin-yin-mut-n14-violet-magenta.png,X3,par3:sans_yang,14,
847,motif-847-par3-yin-yin-mut-n15-violet-magenta.png,X3,par3:sans_yang,15,
848,motif-848-par3-yin-yin-mut-n16-violet-magenta.png,X3,par3:sans_yang,16,
849,motif-849-par3-yin-yin-mut-n17-violet-magenta.png,X3,par3:sans_yang,17,
850,motif-850-par3-yin-yin-mut-n18-violet-magenta.png,X3,par3:sans_yang,18,
851,motif-851-par3-yin-yin-mut-n19-violet-magenta.png,X3,par3:sans_yang,19,
852,motif-852-par3-yin-yin-mut-n20-violet-magenta.png,X3,par3:sans_yang,20,
853,motif-853-par3-yin-yin-mut-n21-violet-magenta.png,X3,par3:sans_yang,21,
854,motif-854-par3-yin-yin-mut-n22-violet-magenta.png,X3,par3:sans_yang,22,
855,motif-855-par3-yin-yin-mut-n23-violet-magenta.png,X3,par3:sans_yang,23,
856,motif-856-par3-yin-yin-mut-n24-violet-magenta.png,X3,par3:sans_yang,24,
857,motif-857-par3-yin-yin-mut-n25-violet-magenta.png,X3,par3:sans_yang,25,
858,motif-858-par3-yin-yin-mut-n26-violet-magenta.png,X3,par3:sans_yang,26,
859,motif-859-par3-yin-yin-mut-n27-violet-magenta.png,X3,par3:sans_yang,27,
860,motif-860-par3-yin-yin-mut-n28-violet-magenta.png,X3,par3:sans_yang,28,
861,motif-861-par3-yin-yin-mut-n29-violet-magenta.png,X3,par3:sans_yang,29,
862,motif-862-par3-yin-yin-mut-n30-violet-magenta.png,X3,par3:sans_yang,30,
863,motif-863-par3-yin-yin-mut-n31-violet-magenta.png,X3,par3:sans_yang,31,
864,motif-864-par3-yin-yin-mut-n32-violet-magenta.png,X3,par3:sans_yang,32,
865,motif-865-par3-yin-yin-mut-n33-violet-magenta.png,X3,par3:sans_yang,33,
866,motif-866-par3-yin-yin-mut-n34-violet-magenta.png,X3,par3:sans_yang,34,
867,motif-867-par3-yin-yin-mut-n35-violet-magenta.png,X3,par3:sans_yang,35,
868,motif-868-par3-yin-yin-mut-n36-violet-magenta.png,X3,par3:sans_yang,36,
869,motif-869-par3-yin-yin-mut-n37-violet-magenta.png,X3,par3:sans_yang,37,
870,motif-870-par3-yin-yin-mut-n38-violet-magenta.png,X3,par3:sans_yang,38,
871,motif-871-par3-yin-yin-mut-n39-violet-magenta.png,X3,par3:sans_yang,39,
872,motif-872-par3-yin-yin-mut-n40-violet-magenta.png,X3,par3:sans_yang,40,
873,motif-873-par3-yin-yin-mut-n41-violet-magenta.png,X3,par3:sans_yang,41,
874,motif-874-par3-yin-yin-mut-n42-violet-magenta.png,X3,par3:sans_yang,42,
875,motif-875-par3-yin-yin-mut-n43-violet-magenta.png,X3,par3:sans_yang,43,
876,motif-876-par3-yin-yin-mut-n44-violet-magenta.png,X3,par3:sans_yang,44,
877,motif-877-par3-yin-yin-mut-n45-violet-magenta.png,X3,par3:sans_yang,45,
878,motif-878-par3-yin-yin-mut-n46-violet-magenta.png,X3,par3:sans_yang,46,
879,motif-879-par3-yin-yin-mut-n47-violet-magenta.png,X3,par3:sans_yang,47,
880,motif-880-par3-yin-yin-mut-n48-violet-magenta.png,X3,par3:sans_yang,48,
881,motif-881-par3-yin-yin-mut-n49-violet-magenta.png,X3,par3:sans_yang,49,
882,motif-882-par3-yin-yin-mut-n50-violet-magenta.png,X3,par3:sans_yang,50,
883,motif-883-par3-yin-yin-mut-n51-violet-magenta.png,X3,par3:sans_yang,51,
884,motif-884-par3-yin-yin-mut-n52-violet-magenta.png,X3,par3:sans_yang,52,
885,motif-885-par3-yin-yin-mut-n53-violet-magenta.png,X3,par3:sans_yang,53,
886,motif-886-par3-yin-yin-mut-n54-violet-magenta.png,X3,par3:sans_yang,54,
887,motif-887-par3-yin-yin-mut-n55-violet-magenta.png,X3,par3:sans_yang,55,
888,motif-888-par3-yin-yin-mut-n56-violet-magenta.png,X3,par3:sans_yang,56,
889,motif-889-par3-yin-yin-mut-n57-violet-magenta.png,X3,par3:sans_yang,57,
890,motif-890-par3-yin-yin-mut-n58-violet-magenta.png,X3,par3:sans_yang,58,
891,motif-891-par3-yin-yin-mut-n59-violet-magenta.png,X3,par3:sans_yang,59,
892,motif-892-par3-yin-yin-mut-n60-violet-magenta.png,X3,par3:sans_yang,60,
893,motif-893-par3-yin-yin-mut-n61-violet-magenta.png,X3,par3:sans_yang,61,
894,motif-894-par3-yin-yin-mut-n62-violet-magenta.png,X3,par3:sans_yang,62,
895,motif-895-par3-yin-yin-mut-n63-violet-magenta.png,X3,par3:sans_yang,63,
896,motif-896-par3-yang-yang-mut-n0-violet-magenta.png,X3,par3:sans_yang_mut,0,motifs/par3-sans-yang-mut-h0.html
897,motif-897-par3-yang-yang-mut-n1-violet-magenta.png,X3,par3:sans_yang_mut,1,motifs/par3-sans-yang-mut-h1.html
898,motif-898-par3-yang-yang-mut-n2-violet-magenta.png,X3,par3:sans_yang_mut,2,motifs/par3-sans-yang-mut-h2.html
899,motif-899-par3-yang-yang-mut-n3-violet-magenta.png,X3,par3:sans_yang_mut,3,motifs/par3-sans-yang-mut-h3.html
900,motif-900-par3-yang-yang-mut-n4-violet-magenta.png,X3,par3:sans_yang_mut,4,motifs/par3-sans-yang-mut-h4.html
901,motif-901-par3-yang-yang-mut-n5-violet-magenta.png,X3,par3:sans_yang_mut,5,motifs/par3-sans-yang-mut-h5.html
902,motif-902-par3-yang-yang-mut-n6-violet-magenta.png,X3,par3:sans_yang_mut,6,motifs/par3-sans-yang-mut-h6.html
903,motif-903-par3-yang-yang-mut-n7-violet-magenta.png,X3,par3:sans_yang_mut,7,motifs/par3-sans-yang-mut-h7.html
904,motif-904-par3-yang-yang-mut-n8-violet-magenta.png,X3,par3:sans_yang_mut,8,motifs/par3-sans-yang-mut-h8.html
905,motif-905-par3-yang-yang-mut-n9-violet-magenta.png,X3,par3:sans_yang_mut,9,motifs/par3-sans-yang-mut-h9.html
906,motif-906-par3-yang-yang-mut-n10-violet-magenta.png,X3,par3:sans_yang_mut,10,motifs/par3-sans-yang-mut-h10.html
907,motif-907-par3-yang-yang-mut-n11-violet-magenta.png,X3,par3:sans_yang_mut,11,motifs/par3-sans-yang-mut-h11.html
908,motif-908-par3-yang-yang-mut-n12-violet-magenta.png,X3,par3:sans_yang_mut,12,motifs/par3-sans-yang-mut-h12.html
909,motif-909-par3-yang-yang-mut-n13-violet-magenta.png,X3,par3:sans_yang_mut,13,motifs/par3-sans-yang-mut-h13.html
910,motif-910-par3-yang-yang-mut-n14-violet-magenta.png,X3,par3:sans_yang_mut,14,motifs/par3-sans-yang-mut-h14.html
911,motif-911-par3-yang-yang-mut-n15-violet-magenta.png,X3,par3:sans_yang_mut,15,motifs/par3-sans-yang-mut-h15.html
912,motif-912-par3-yang-yang-mut-n16-violet-magenta.png,X3,par3:sans_yang_mut,16,motifs/par3-sans-yang-mut-h16.html
913,motif-913-par3-yang-yang-mut-n17-violet-magenta.png,X3,par3:sans_yang_mut,17,motifs/par3-sans-yang-mut-h17.html
914,motif-914-par3-yang-yang-mut-n18-violet-magenta.png,X3,par3:sans_yang_mut,18,motifs/par3-sans-yang-mut-h18.html
915,motif-915-par3-yang-yang-mut-n19-violet-magenta.png,X3,par3:sans_yang_mut,19,motifs/par3-sans-yang-mut-h19.html
916,motif-916-par3-yang-yang-mut-n20-violet-magenta.png,X3,par3:sans_yang_mut,20,motifs/par3-sans-yang-mut-h20.html
917,motif-917-par3-yang-yang-mut-n21-violet-magenta.png,X3,par3:sans_yang_mut,21,motifs/par3-sans-yang-mut-h21.html
918,motif-918-par3-yang-yang-mut-n22-violet-magenta.png,X3,par3:sans_yang_mut,22,motifs/par3-sans-yang-mut-h22.html
919,motif-919-par3-yang-yang-mut-n23-violet-magenta.png,X3,par3:sans_yang_mut,23,motifs/par3-sans-yang-mut-h23.html
920,motif-920-par3-yang-yang-mut-n24-violet-magenta.png,X3,par3:sans_yang_mut,24,motifs/par3-sans-yang-mut-h24.html
921,motif-921-par3-yang-yang-mut-n25-violet-magenta.png,X3,par3:sans_yang_mut,25,motifs/par3-sans-yang-mut-h25.html
922,motif-922-par3-yang-yang-mut-n26-violet-magenta.png,X3,par3:sans_yang_mut,26,motifs/par3-sans-yang-mut-h26.html
923,motif-923-par3-yang-yang-mut-n27-violet-magenta.png,X3,par3:sans_yang_mut,27,motifs/par3-sans-yang-mut-h27.html
924,motif-924-par3-yang-yang-mut-n28-violet-magenta.png,X3,par3:sans_yang_mut,28,motifs/par3-sans-yang-mut-h28.html
925,motif-925-par3-yang-yang-mut-n29-violet-magenta.png,X3,par3:sans_yang_mut,29,motifs/par3-sans-yang-mut-h29.html
926,motif-926-par3-yang-yang-mut-n30-violet-magenta.png,X3,par3:sans_yang_mut,30,motifs/par3-sans-yang-mut-h30.html
927,motif-927-par3-yang-yang-mut-n31-violet-magenta.png,X3,par3:sans_yang_mut,31,motifs/par3-sans-yang-mut-h31.html
928,motif-928-par3-yang-yang-mut-n32-violet-magenta.png,X3,par3:sans_yang_mut,32,
929,motif-929-par3-yang-yang-mut-n33-violet-magenta.png,X3,par3:sans_yang_mut,33,
930,motif-930-par3-yang-yang-mut-n34-violet-magenta.png,X3,par3:sans_yang_mut,34,
931,motif-931-par3-yang-yang-mut-n35-violet-magenta.png,X3,par3:sans_yang_mut,35,
932,motif-932-par3-yang-yang-mut-n36-violet-magenta.png,X3,par3:sans_yang_mut,36,
933,motif-933-par3-yang-yang-mut-n37-violet-magenta.png,X3,par3:sans_yang_mut,37,
934,motif-934-par3-yang-yang-mut-n38-violet-magenta.png,X3,par3:sans_yang_mut,38,
935,motif-935-par3-yang-yang-mut-n39-violet-magenta.png,X3,par3:sans_yang_mut,39,
936,motif-936-par3-yang-yang-mut-n40-violet-magenta.png,X3,par3:sans_yang_mut,40,
937,motif-937-par3-yang-yang-mut-n41-violet-magenta.png,X3,par3:sans_yang_mut,41,
938,motif-938-par3-yang-yang-mut-n42-violet-magenta.png,X3,par3:sans_yang_mut,42,
939,motif-939-par3-yang-yang-mut-n43-violet-magenta.png,X3,par3:sans_yang_mut,43,
940,motif-940-par3-yang-yang-mut-n44-violet-magenta.png,X3,par3:sans_yang_mut,44,
941,motif-941-par3-yang-yang-mut-n45-violet-magenta.png,X3,par3:sans_yang_mut,45,
942,motif-942-par3-yang-yang-mut-n46-violet-magenta.png,X3,par3:sans_yang_mut,46,
943,motif-943-par3-yang-yang-mut-n47-violet-magenta.png,X3,par3:sans_yang_mut,47,
944,motif-944-par3-yang-yang-mut-n48-violet-magenta.png,X3,par3:sans_yang_mut,48,
945,motif-945-par3-yang-yang-mut-n49-violet-magenta.png,X3,par3:sans_yang_mut,49,
946,motif-946-par3-yang-yang-mut-n50-violet-magenta.png,X3,par3:sans_yang_mut,50,
947,motif-947-par3-yang-yang-mut-n51-violet-magenta.png,X3,par3:sans_yang_mut,51,
948,motif-948-par3-yang-yang-mut-n52-violet-magenta.png,X3,par3:sans_yang_mut,52,
949,motif-949-par3-yang-yang-mut-n53-violet-magenta.png,X3,par3:sans_yang_mut,53,
950,motif-950-par3-yang-yang-mut-n54-violet-magenta.png,X3,par3:sans_yang_mut,54,
951,motif-951-par3-yang-yang-mut-n55-violet-magenta.png,X3,par3:sans_yang_mut,55,
952,motif-952-par3-yang-yang-mut-n56-violet-magenta.png,X3,par3:sans_yang_mut,56,
953,motif-953-par3-yang-yang-mut-n57-violet-magenta.png,X3,par3:sans_yang_mut,57,
954,motif-954-par3-yang-yang-mut-n58-violet-magenta.png,X3,par3:sans_yang_mut,58,
955,motif-955-par3-yang-yang-mut-n59-violet-magenta.png,X3,par3:sans_yang_mut,59,
956,motif-956-par3-yang-yang-mut-n60-violet-magenta.png,X3,par3:sans_yang_mut,60,
957,motif-957-par3-yang-yang-mut-n61-violet-magenta.png,X3,par3:sans_yang_mut,61,
958,motif-958-par3-yang-yang-mut-n62-violet-magenta.png,X3,par3:sans_yang_mut,62,
959,motif-959-par3-yang-yang-mut-n63-violet-magenta.png,X3,par3:sans_yang_mut,63,
960,motif-960-par3-yin-yin-mut-n0-violet-magenta.png,X3,par3:sans_yang_mut,0,
961,motif-961-par3-yin-yin-mut-n1-violet-magenta.png,X3,par3:sans_yang_mut,1,
962,motif-962-par3-yin-yin-mut-n2-violet-magenta.png,X3,par3:sans_yang_mut,2,
963,motif-963-par3-yin-yin-mut-n3-violet-magenta.png,X3,par3:sans_yang_mut,3,
964,motif-964-par3-yin-yin-mut-n4-violet-magenta.png,X3,par3:sans_yang_mut,4,
965,motif-965-par3-yin-yin-mut-n5-violet-magenta.png,X3,par3:sans_yang_mut,5,
966,motif-966-par3-yin-yin-mut-n6-violet-magenta.png,X3,par3:sans_yang_mut,6,
967,motif-967-par3-yin-yin-mut-n7-violet-magenta.png,X3,par3:sans_yang_mut,7,
968,motif-968-par3-yin-yin-mut-n8-violet-magenta.png,X3,par3:sans_yang_mut,8,
969,motif-969-par3-yin-yin-mut-n9-violet-magenta.png,X3,par3:sans_yang_mut,9,
970,motif-970-par3-yin-yin-mut-n10-violet-magenta.png,X3,par3:sans_yang_mut,10,
971,motif-971-par3-yin-yin-mut-n11-violet-magenta.png,X3,par3:sans_yang_mut,11,
972,motif-972-par3-yin-yin-mut-n12-violet-magenta.png,X3,par3:sans_yang_mut,12,
973,motif-973-par3-yin-yin-mut-n13-violet-magenta.png,X3,par3:sans_yang_mut,13,
974,motif-974-par3-yin-yin-mut-n14-violet-magenta.png,X3,par3:sans_yang_mut,14,
975,motif-975-par3-yin-yin-mut-n15-violet-magenta.png,X3,par3:sans_yang_mut,15,
976,motif-976-par3-yin-yin-mut-n16-violet-magenta.png,X3,par3:sans_yang_mut,16,
977,motif-977-par3-yin-yin-mut-n17-violet-magenta.png,X3,par3:sans_yang_mut,17,
978,motif-978-par3-yin-yin-mut-n18-violet-magenta.png,X3,par3:sans_yang_mut,18,
979,motif-979-par3-yin-yin-mut-n19-violet-magenta.png,X3,par3:sans_yang_mut,19,
980,motif-980-par3-yin-yin-mut-n20-violet-magenta.png,X3,par3:sans_yang_mut,20,
981,motif-981-par3-yin-yin-mut-n21-violet-magenta.png,X3,par3:sans_yang_mut,21,
982,motif-982-par3-yin-yin-mut-n22-violet-magenta.png,X3,par3:sans_yang_mut,22,
983,motif-983-par3-yin-yin-mut-n23-violet-magenta.png,X3,par3:sans_yang_mut,23,
984,motif-984-par3-yin-yin-mut-n24-violet-magenta.png,X3,par3:sans_yang_mut,24,
985,motif-985-par3-yin-yin-mut-n25-violet-magenta.png,X3,par3:sans_yang_mut,25,
986,motif-986-par3-yin-yin-mut-n26-violet-magenta.png,X3,par3:sans_yang_mut,26,
987,motif-987-par3-yin-yin-mut-n27-violet-magenta.png,X3,par3:sans_yang_mut,27,
988,motif-988-par3-yin-yin-mut-n28-violet-magenta.png,X3,par3:sans_yang_mut,28,
989,motif-989-par3-yin-yin-mut-n29-violet-magenta.png,X3,par3:sans_yang_mut,29,
990,motif-990-par3-yin-yin-mut-n30-violet-magenta.png,X3,par3:sans_yang_mut,30,
991,motif-991-par3-yin-yin-mut-n31-violet-magenta.png,X3,par3:sans_yang_mut,31,
992,motif-992-par3-yin-yin-mut-n32-violet-magenta.png,X3,par3:sans_yang_mut,32,
993,motif-993-par3-yin-yin-mut-n33-violet-magenta.png,X3,par3:sans_yang_mut,33,
994,motif-994-par3-yin-yin-mut-n34-violet-magenta.png,X3,par3:sans_yang_mut,34,
995,motif-995-par3-yin-yin-mut-n35-violet-magenta.png,X3,par3:sans_yang_mut,35,
996,motif-996-par3-yin-yin-mut-n36-violet-magenta.png,X3,par3:sans_yang_mut,36,
997,motif-997-par3-yin-yin-mut-n37-violet-magenta.png,X3,par3:sans_yang_mut,37,
998,motif-998-par3-yin-yin-mut-n38-violet-magenta.png,X3,par3:sans_yang_mut,38,
999,motif-999-par3-yin-yin-mut-n39-violet-magenta.png,X3,par3:sans_yang_mut,39,
1000,motif-1000-par3-yin-yin-mut-n40-violet-magenta.png,X3,par3:sans_yang_mut,40,
1001,motif-1001-par3-yin-yin-mut-n41-violet-magenta.png,X3,par3:sans_yang_mut,41,
1002,motif-1002-par3-yin-yin-mut-n42-violet-magenta.png,X3,par3:sans_yang_mut,42,
1003,motif-1003-par3-yin-yin-mut-n43-violet-magenta.png,X3,par3:sans_yang_mut,43,
1004,motif-1004-par3-yin-yin-mut-n44-violet-magenta.png,X3,par3:sans_yang_mut,44,
1005,motif-1005-par3-yin-yin-mut-n45-violet-magenta.png,X3,par3:sans_yang_mut,45,
1006,motif-1006-par3-yin-yin-mut-n46-violet-magenta.png,X3,par3:sans_yang_mut,46,
1007,motif-1007-par3-yin-yin-mut-n47-violet-magenta.png,X3,par3:sans_yang_mut,47,
1008,motif-1008-par3-yin-yin-mut-n48-violet-magenta.png,X3,par3:sans_yang_mut,48,
1009,motif-1009-par3-yin-yin-mut-n49-violet-magenta.png,X3,par3:sans_yang_mut,49,
1010,motif-1010-par3-yin-yin-mut-n50-violet-magenta.png,X3,par3:sans_yang_mut,50,
1011,motif-1011-par3-yin-yin-mut-n51-violet-magenta.png,X3,par3:sans_yang_mut,51,
1012,motif-1012-par3-yin-yin-mut-n52-violet-magenta.png,X3,par3:sans_yang_mut,52,
1013,motif-1013-par3-yin-yin-mut-n53-violet-magenta.png,X3,par3:sans_yang_mut,53,
1014,motif-1014-par3-yin-yin-mut-n54-violet-magenta.png,X3,par3:sans_yang_mut,54,
1015,motif-1015-par3-yin-yin-mut-n55-violet-magenta.png,X3,par3:sans_yang_mut,55,
1016,motif-1016-par3-yin-yin-mut-n56-violet-magenta.png,X3,par3:sans_yang_mut,56,
1017,motif-1017-par3-yin-yin-mut-n57-violet-magenta.png,X3,par3:sans_yang_mut,57,
1018,motif-1018-par3-yin-yin-mut-n58-violet-magenta.png,X3,par3:sans_yang_mut,58,
1019,motif-1019-par3-yin-yin-mut-n59-violet-magenta.png,X3,par3:sans_yang_mut,59,
1020,motif-1020-par3-yin-yin-mut-n60-violet-magenta.png,X3,par3:sans_yang_mut,60,
1021,motif-1021-par3-yin-yin-mut-n61-violet-magenta.png,X3,par3:sans_yang_mut,61,
1022,motif-1022-par3-yin-yin-mut-n62-violet-magenta.png,X3,par3:sans_yang_mut,62,
1023,motif-1023-par3-yin-yin-mut-n63-violet-magenta.png,X3,par3:sans_yang_mut,63,
