ordre,statut,date,serie,fichier,url_image,url_page,titre,titre_propose
1,publiee,2026-10-01T08:00,corpus-1024,motif-000-bases-yang-yang-mut-n0-violet-magenta.png,https://anibal-amiot.com/assets/motifs-pinterest/corpus-1024/motif-000-bases-yang-yang-mut-n0-violet-magenta.png,https://anibal-amiot.com/motifs/bases-yang-mut-h0.html,Tricolore Pavage — Pattern Yang Mutable n0 — La Livrée d'Hermès | Sacred Geometry Design,non
2,publiee,2026-10-01T11:00,corpus-1024,motif-001-bases-yang-yang-mut-n1-violet-magenta.png,https://anibal-amiot.com/assets/motifs-pinterest/corpus-1024/motif-001-bases-yang-yang-mut-n1-violet-magenta.png,https://anibal-amiot.com/motifs/bases-yang-mut-h1.html,Tricolore Pavage — Pattern Yang Mutable n1 — La Livrée d'Hermès | Sacred Geometry Design,non
3,publiee,2026-10-01T14:00,corpus-1024,motif-002-bases-yang-yang-mut-n2-violet-magenta.png,https://anibal-amiot.com/assets/motifs-pinterest/corpus-1024/motif-002-bases-yang-yang-mut-n2-violet-magenta.png,https://anibal-amiot.com/motifs/bases-yang-mut-h2.html,Tricolore Pavage — Pattern Yang Mutable n2 — La Livrée d'Hermès | Sacred Geometry Design,non
4,publiee,2026-10-01T17:00,corpus-1024,motif-003-bases-yang-yang-mut-n3-violet-magenta.png,https://anibal-amiot.com/assets/motifs-pinterest/corpus-1024/motif-003-bases-yang-yang-mut-n3-violet-magenta.png,https://anibal-amiot.com/motifs/bases-yang-mut-h3.html,Tricolore Pavage — Pattern Yang Mutable n3 — La Livrée d'Hermès | Sacred Geometry Design,non
5,publiee,2026-10-02T08:00,corpus-1024,motif-128-bases-yang-yang-mut-n0-violet-magenta.png,https://anibal-amiot.com/assets/motifs-pinterest/corpus-1024/motif-128-bases-yang-yang-mut-n0-violet-magenta.png,https://anibal-amiot.com/motifs/bases-yang-h0.html,Tricolore Pavage — Pattern Yang n0 — La Livrée d'Hermès | Sacred Geometry Design,non
6,publiee,2026-10-02T11:00,corpus-1024,motif-512-par2-yang-yang-mut-n0-violet-magenta.png,https://anibal-amiot.com/assets/motifs-pinterest/corpus-1024/motif-512-par2-yang-yang-mut-n0-violet-magenta.png,https://anibal-amiot.com/motifs/par2-yin-yang-h0.html,Tricolore Pavage — Pattern Yin Yang n0 — La Livrée d'Hermès | Sacred Geometry Design,non
7,publiee,2026-10-02T14:00,corpus-1024,motif-256-par2-yang-yang-mut-n0-violet-magenta.png,https://anibal-amiot.com/assets/motifs-pinterest/corpus-1024/motif-256-par2-yang-yang-mut-n0-violet-magenta.png,https://anibal-amiot.com/motifs/par2-yang-yin-mut-h0.html,Tricolore Pavage — Pattern Yang Yin Mutable n0 — La Livrée d'Hermès | Sacred Geometry Design,non
8,publiee,2026-10-02T17:00,corpus-1024,motif-640-par2-yang-yang-mut-n0-violet-magenta.png,https://anibal-amiot.com/assets/motifs-pinterest/corpus-1024/motif-640-par2-yang-yang-mut-n0-violet-magenta.png,https://anibal-amiot.com/motifs/par2-yin-yang-mut-h0.html,Tricolore Pavage — Pattern Yin Yang Mutable n0 — La Livrée d'Hermès | Sacred Geometry Design,non
9,publiee,2026-10-03T08:00,corpus-1024,motif-384-par2-yang-yang-mut-n0-violet-magenta.png,https://anibal-amiot.com/assets/motifs-pinterest/corpus-1024/motif-384-par2-yang-yang-mut-n0-violet-magenta.png,https://anibal-amiot.com/motifs/par2-yin-mut-yang-mut-h0.html,Tricolore Pavage — Pattern Yin Yang Mutable Pair n0 — La Livrée d'Hermès | Sacred Geometry Design,non
10,publiee,2026-10-03T11:00,corpus-1024,motif-768-par3-yang-yang-mut-n0-violet-magenta.png,https://anibal-amiot.com/assets/motifs-pinterest/corpus-1024/motif-768-par3-yang-yang-mut-n0-violet-magenta.png,https://anibal-amiot.com/motifs/par3-sans-yang-h0.html,Tricolore Pavage — Pattern Without Yang n0 — La Livrée d'Hermès | Sacred Geometry Design,non
11,publiee,2026-10-03T14:00,corpus-1024,motif-896-par3-yang-yang-mut-n0-violet-magenta.png,https://anibal-amiot.com/assets/motifs-pinterest/corpus-1024/motif-896-par3-yang-yang-mut-n0-violet-magenta.png,https://anibal-amiot.com/motifs/par3-sans-yang-mut-h0.html,Tricolore Pavage — Pattern Without Yang Mutable n0 — La Livrée d'Hermès | Sacred Geometry Design,non
12,publiee,2026-10-03T17:00,corpus-1024,motif-129-bases-yang-yang-mut-n1-violet-magenta.png,https://anibal-amiot.com/assets/motifs-pinterest/corpus-1024/motif-129-bases-yang-yang-mut-n1-violet-magenta.png,https://anibal-amiot.com/motifs/bases-yang-h1.html,Tricolore Pavage — Pattern Yang n1 — La Livrée d'Hermès | Sacred Geometry Design,non
13,a_programmer,2026-10-04T08:00,corpus-1024-cellule,motif-513-par2-yang-yang-mut-n1-violet-magenta.png,https://anibal-amiot.com/assets/motifs-pinterest/corpus-1024-cellule/motif-513-par2-yang-yang-mut-n1-violet-magenta.png,https://anibal-amiot.com/motifs/par2-yin-yang-h1.html,Tricolore Cellule — Pattern Yin Yang n1 — La Livrée d'Hermès | Sacred Geometry Design,oui
14,a_programmer,2026-10-04T11:00,corpus-1024-monochrome,motif-257-par2-yang-yang-mut-n1-violet-magenta.png,https://anibal-amiot.com/assets/motifs-pinterest/corpus-1024-monochrome/motif-257-par2-yang-yang-mut-n1-violet-magenta.png,https://anibal-amiot.com/motifs/par2-yang-yin-mut-h1.html,Grisaille Pavage — Pattern Yang Yin Mutable n1 — La Livrée d'Hermès | Sacred Geometry Design,oui
15,a_programmer,2026-10-04T14:00,corpus-1024-cellule-monochrome,motif-641-par2-yang-yang-mut-n1-violet-magenta.png,https://anibal-amiot.com/assets/motifs-pinterest/corpus-1024-cellule-monochrome/motif-641-par2-yang-yang-mut-n1-violet-magenta.png,https://anibal-amiot.com/motifs/par2-yin-yang-mut-h1.html,Grisaille Cellule — Pattern Yin Yang Mutable n1 — La Livrée d'Hermès | Sacred Geometry Design,oui
16,a_programmer,2026-10-04T17:00,corpus-1024,motif-385-par2-yang-yang-mut-n1-violet-magenta.png,https://anibal-amiot.com/assets/motifs-pinterest/corpus-1024/motif-385-par2-yang-yang-mut-n1-violet-magenta.png,https://anibal-amiot.com/motifs/par2-yin-mut-yang-mut-h1.html,Tricolore Pavage — Pattern Yin Yang Mutable Pair n1 — La Livrée d'Hermès | Sacred Geometry Design,non
17,a_programmer,2026-10-05T08:00,corpus-1024-cellule,motif-769-par3-yang-yang-mut-n1-violet-magenta.png,https://anibal-amiot.com/assets/motifs-pinterest/corpus-1024-cellule/motif-769-par3-yang-yang-mut-n1-violet-magenta.png,https://anibal-amiot.com/motifs/par3-sans-yang-h1.html,Tricolore Cellule — Pattern Without Yang n1 — La Livrée d'Hermès | Sacred Geometry Design,oui
18,a_programmer,2026-10-05T11:00,corpus-1024-monochrome,motif-897-par3-yang-yang-mut-n1-violet-magenta.png,https://anibal-amiot.com/assets/motifs-pinterest/corpus-1024-monochrome/motif-897-par3-yang-yang-mut-n1-violet-magenta.png,https://anibal-amiot.com/motifs/par3-sans-yang-mut-h1.html,Grisaille Pavage — Pattern Without Yang Mutable n1 — La Livrée d'Hermès | Sacred Geometry Design,oui
19,a_programmer,2026-10-05T14:00,corpus-1024-cellule-monochrome,motif-130-bases-yang-yang-mut-n2-violet-magenta.png,https://anibal-amiot.com/assets/motifs-pinterest/corpus-1024-cellule-monochrome/motif-130-bases-yang-yang-mut-n2-violet-magenta.png,https://anibal-amiot.com/motifs/bases-yang-h2.html,Grisaille Cellule — Pattern Yang n2 — La Livrée d'Hermès | Sacred Geometry Design,oui
20,a_programmer,2026-10-05T17:00,corpus-1024,motif-514-par2-yang-yang-mut-n2-violet-magenta.png,https://anibal-amiot.com/assets/motifs-pinterest/corpus-1024/motif-514-par2-yang-yang-mut-n2-violet-magenta.png,https://anibal-amiot.com/motifs/par2-yin-yang-h2.html,Tricolore Pavage — Pattern Yin Yang n2 — La Livrée d'Hermès | Sacred Geometry Design,non
21,a_programmer,2026-10-06T08:00,corpus-1024-cellule,motif-258-par2-yang-yang-mut-n2-violet-magenta.png,https://anibal-amiot.com/assets/motifs-pinterest/corpus-1024-cellule/motif-258-par2-yang-yang-mut-n2-violet-magenta.png,https://anibal-amiot.com/motifs/par2-yang-yin-mut-h2.html,Tricolore Cellule — Pattern Yang Yin Mutable n2 — La Livrée d'Hermès | Sacred Geometry Design,oui
22,a_programmer,2026-10-06T11:00,corpus-1024-monochrome,motif-642-par2-yang-yang-mut-n2-violet-magenta.png,https://anibal-amiot.com/assets/motifs-pinterest/corpus-1024-monochrome/motif-642-par2-yang-yang-mut-n2-violet-magenta.png,https://anibal-amiot.com/motifs/par2-yin-yang-mut-h2.html,Grisaille Pavage — Pattern Yin Yang Mutable n2 — La Livrée d'Hermès | Sacred Geometry Design,oui
23,a_programmer,2026-10-06T14:00,corpus-1024-cellule-monochrome,motif-386-par2-yang-yang-mut-n2-violet-magenta.png,https://anibal-amiot.com/assets/motifs-pinterest/corpus-1024-cellule-monochrome/motif-386-par2-yang-yang-mut-n2-violet-magenta.png,https://anibal-amiot.com/motifs/par2-yin-mut-yang-mut-h2.html,Grisaille Cellule — Pattern Yin Yang Mutable Pair n2 — La Livrée d'Hermès | Sacred Geometry Design,oui
24,a_programmer,2026-10-06T17:00,corpus-1024,motif-770-par3-yang-yang-mut-n2-violet-magenta.png,https://anibal-amiot.com/assets/motifs-pinterest/corpus-1024/motif-770-par3-yang-yang-mut-n2-violet-magenta.png,https://anibal-amiot.com/motifs/par3-sans-yang-h2.html,Tricolore Pavage — Pattern Without Yang n2 — La Livrée d'Hermès | Sacred Geometry Design,non
25,a_programmer,2026-10-07T08:00,corpus-1024-cellule,motif-898-par3-yang-yang-mut-n2-violet-magenta.png,https://anibal-amiot.com/assets/motifs-pinterest/corpus-1024-cellule/motif-898-par3-yang-yang-mut-n2-violet-magenta.png,https://anibal-amiot.com/motifs/par3-sans-yang-mut-h2.html,Tricolore Cellule — Pattern Without Yang Mutable n2 — La Livrée d'Hermès | Sacred Geometry Design,oui
26,a_programmer,2026-10-07T11:00,corpus-1024-monochrome,motif-131-bases-yang-yang-mut-n3-violet-magenta.png,https://anibal-amiot.com/assets/motifs-pinterest/corpus-1024-monochrome/motif-131-bases-yang-yang-mut-n3-violet-magenta.png,https://anibal-amiot.com/motifs/bases-yang-h3.html,Grisaille Pavage — Pattern Yang n3 — La Livrée d'Hermès | Sacred Geometry Design,oui
27,a_programmer,2026-10-07T14:00,corpus-1024-cellule-monochrome,motif-515-par2-yang-yang-mut-n3-violet-magenta.png,https://anibal-amiot.com/assets/motifs-pinterest/corpus-1024-cellule-monochrome/motif-515-par2-yang-yang-mut-n3-violet-magenta.png,https://anibal-amiot.com/motifs/par2-yin-yang-h3.html,Grisaille Cellule — Pattern Yin Yang n3 — La Livrée d'Hermès | Sacred Geometry Design,oui
28,a_programmer,2026-10-07T17:00,corpus-1024,motif-259-par2-yang-yang-mut-n3-violet-magenta.png,https://anibal-amiot.com/assets/motifs-pinterest/corpus-1024/motif-259-par2-yang-yang-mut-n3-violet-magenta.png,https://anibal-amiot.com/motifs/par2-yang-yin-mut-h3.html,Tricolore Pavage — Pattern Yang Yin Mutable n3 — La Livrée d'Hermès | Sacred Geometry Design,non
29,a_programmer,2026-10-08T08:00,corpus-1024-cellule,motif-643-par2-yang-yang-mut-n3-violet-magenta.png,https://anibal-amiot.com/assets/motifs-pinterest/corpus-1024-cellule/motif-643-par2-yang-yang-mut-n3-violet-magenta.png,https://anibal-amiot.com/motifs/par2-yin-yang-mut-h3.html,Tricolore Cellule — Pattern Yin Yang Mutable n3 — La Livrée d'Hermès | Sacred Geometry Design,oui
30,a_programmer,2026-10-08T11:00,corpus-1024-monochrome,motif-387-par2-yang-yang-mut-n3-violet-magenta.png,https://anibal-amiot.com/assets/motifs-pinterest/corpus-1024-monochrome/motif-387-par2-yang-yang-mut-n3-violet-magenta.png,https://anibal-amiot.com/motifs/par2-yin-mut-yang-mut-h3.html,Grisaille Pavage — Pattern Yin Yang Mutable Pair n3 — La Livrée d'Hermès | Sacred Geometry Design,oui
31,a_programmer,2026-10-08T14:00,corpus-1024-cellule-monochrome,motif-771-par3-yang-yang-mut-n3-violet-magenta.png,https://anibal-amiot.com/assets/motifs-pinterest/corpus-1024-cellule-monochrome/motif-771-par3-yang-yang-mut-n3-violet-magenta.png,https://anibal-amiot.com/motifs/par3-sans-yang-h3.html,Grisaille Cellule — Pattern Without Yang n3 — La Livrée d'Hermès | Sacred Geometry Design,oui
32,a_programmer,2026-10-08T17:00,corpus-1024,motif-899-par3-yang-yang-mut-n3-violet-magenta.png,https://anibal-amiot.com/assets/motifs-pinterest/corpus-1024/motif-899-par3-yang-yang-mut-n3-violet-magenta.png,https://anibal-amiot.com/motifs/par3-sans-yang-mut-h3.html,Tricolore Pavage — Pattern Without Yang Mutable n3 — La Livrée d'Hermès | Sacred Geometry Design,non
33,a_programmer,2026-10-09T08:00,corpus-1024-cellule,motif-132-bases-yang-yang-mut-n4-violet-magenta.png,https://anibal-amiot.com/assets/motifs-pinterest/corpus-1024-cellule/motif-132-bases-yang-yang-mut-n4-violet-magenta.png,https://anibal-amiot.com/motifs/bases-yang-h4.html,Tricolore Cellule — Pattern Yang n4 — La Livrée d'Hermès | Sacred Geometry Design,oui
34,a_programmer,2026-10-09T11:00,corpus-1024-monochrome,motif-004-bases-yang-yang-mut-n4-violet-magenta.png,https://anibal-amiot.com/assets/motifs-pinterest/corpus-1024-monochrome/motif-004-bases-yang-yang-mut-n4-violet-magenta.png,https://anibal-amiot.com/motifs/bases-yang-mut-h4.html,Grisaille Pavage — Pattern Yang Mutable n4 — La Livrée d'Hermès | Sacred Geometry Design,oui
35,a_programmer,2026-10-09T14:00,corpus-1024-cellule-monochrome,motif-516-par2-yang-yang-mut-n4-violet-magenta.png,https://anibal-amiot.com/assets/motifs-pinterest/corpus-1024-cellule-monochrome/motif-516-par2-yang-yang-mut-n4-violet-magenta.png,https://anibal-amiot.com/motifs/par2-yin-yang-h4.html,Grisaille Cellule — Pattern Yin Yang n4 — La Livrée d'Hermès | Sacred Geometry Design,oui
36,a_programmer,2026-10-09T17:00,corpus-1024,motif-260-par2-yang-yang-mut-n4-violet-magenta.png,https://anibal-amiot.com/assets/motifs-pinterest/corpus-1024/motif-260-par2-yang-yang-mut-n4-violet-magenta.png,https://anibal-amiot.com/motifs/par2-yang-yin-mut-h4.html,Tricolore Pavage — Pattern Yang Yin Mutable n4 — La Livrée d'Hermès | Sacred Geometry Design,non
37,a_programmer,2026-10-10T08:00,corpus-1024-cellule,motif-644-par2-yang-yang-mut-n4-violet-magenta.png,https://anibal-amiot.com/assets/motifs-pinterest/corpus-1024-cellule/motif-644-par2-yang-yang-mut-n4-violet-magenta.png,https://anibal-amiot.com/motifs/par2-yin-yang-mut-h4.html,Tricolore Cellule — Pattern Yin Yang Mutable n4 — La Livrée d'Hermès | Sacred Geometry Design,oui
38,a_programmer,2026-10-10T11:00,corpus-1024-monochrome,motif-388-par2-yang-yang-mut-n4-violet-magenta.png,https://anibal-amiot.com/assets/motifs-pinterest/corpus-1024-monochrome/motif-388-par2-yang-yang-mut-n4-violet-magenta.png,https://anibal-amiot.com/motifs/par2-yin-mut-yang-mut-h4.html,Grisaille Pavage — Pattern Yin Yang Mutable Pair n4 — La Livrée d'Hermès | Sacred Geometry Design,oui
39,a_programmer,2026-10-10T14:00,corpus-1024-cellule-monochrome,motif-772-par3-yang-yang-mut-n4-violet-magenta.png,https://anibal-amiot.com/assets/motifs-pinterest/corpus-1024-cellule-monochrome/motif-772-par3-yang-yang-mut-n4-violet-magenta.png,https://anibal-amiot.com/motifs/par3-sans-yang-h4.html,Grisaille Cellule — Pattern Without Yang n4 — La Livrée d'Hermès | Sacred Geometry Design,oui
40,a_programmer,2026-10-10T17:00,corpus-1024,motif-900-par3-yang-yang-mut-n4-violet-magenta.png,https://anibal-amiot.com/assets/motifs-pinterest/corpus-1024/motif-900-par3-yang-yang-mut-n4-violet-magenta.png,https://anibal-amiot.com/motifs/par3-sans-yang-mut-h4.html,Tricolore Pavage — Pattern Without Yang Mutable n4 — La Livrée d'Hermès | Sacred Geometry Design,non
41,a_programmer,2026-10-11T08:00,corpus-1024-cellule,motif-133-bases-yang-yang-mut-n5-violet-magenta.png,https://anibal-amiot.com/assets/motifs-pinterest/corpus-1024-cellule/motif-133-bases-yang-yang-mut-n5-violet-magenta.png,https://anibal-amiot.com/motifs/bases-yang-h5.html,Tricolore Cellule — Pattern Yang n5 — La Livrée d'Hermès | Sacred Geometry Design,oui
42,a_programmer,2026-10-11T11:00,corpus-1024-monochrome,motif-005-bases-yang-yang-mut-n5-violet-magenta.png,https://anibal-amiot.com/assets/motifs-pinterest/corpus-1024-monochrome/motif-005-bases-yang-yang-mut-n5-violet-magenta.png,https://anibal-amiot.com/motifs/bases-yang-mut-h5.html,Grisaille Pavage — Pattern Yang Mutable n5 — La Livrée d'Hermès | Sacred Geometry Design,oui
43,a_programmer,2026-10-11T14:00,corpus-1024-cellule-monochrome,motif-517-par2-yang-yang-mut-n5-violet-magenta.png,https://anibal-amiot.com/assets/motifs-pinterest/corpus-1024-cellule-monochrome/motif-517-par2-yang-yang-mut-n5-violet-magenta.png,https://anibal-amiot.com/motifs/par2-yin-yang-h5.html,Grisaille Cellule — Pattern Yin Yang n5 — La Livrée d'Hermès | Sacred Geometry Design,oui
44,a_programmer,2026-10-11T17:00,corpus-1024,motif-261-par2-yang-yang-mut-n5-violet-magenta.png,https://anibal-amiot.com/assets/motifs-pinterest/corpus-1024/motif-261-par2-yang-yang-mut-n5-violet-magenta.png,https://anibal-amiot.com/motifs/par2-yang-yin-mut-h5.html,Tricolore Pavage — Pattern Yang Yin Mutable n5 — La Livrée d'Hermès | Sacred Geometry Design,non
45,a_programmer,2026-10-12T08:00,corpus-1024-cellule,motif-645-par2-yang-yang-mut-n5-violet-magenta.png,https://anibal-amiot.com/assets/motifs-pinterest/corpus-1024-cellule/motif-645-par2-yang-yang-mut-n5-violet-magenta.png,https://anibal-amiot.com/motifs/par2-yin-yang-mut-h5.html,Tricolore Cellule — Pattern Yin Yang Mutable n5 — La Livrée d'Hermès | Sacred Geometry Design,oui
46,a_programmer,2026-10-12T11:00,corpus-1024-monochrome,motif-389-par2-yang-yang-mut-n5-violet-magenta.png,https://anibal-amiot.com/assets/motifs-pinterest/corpus-1024-monochrome/motif-389-par2-yang-yang-mut-n5-violet-magenta.png,https://anibal-amiot.com/motifs/par2-yin-mut-yang-mut-h5.html,Grisaille Pavage — Pattern Yin Yang Mutable Pair n5 — La Livrée d'Hermès | Sacred Geometry Design,oui
47,a_programmer,2026-10-12T14:00,corpus-1024-cellule-monochrome,motif-773-par3-yang-yang-mut-n5-violet-magenta.png,https://anibal-amiot.com/assets/motifs-pinterest/corpus-1024-cellule-monochrome/motif-773-par3-yang-yang-mut-n5-violet-magenta.png,https://anibal-amiot.com/motifs/par3-sans-yang-h5.html,Grisaille Cellule — Pattern Without Yang n5 — La Livrée d'Hermès | Sacred Geometry Design,oui
48,a_programmer,2026-10-12T17:00,corpus-1024-cellule,motif-901-par3-yang-yang-mut-n5-violet-magenta.png,https://anibal-amiot.com/assets/motifs-pinterest/corpus-1024-cellule/motif-901-par3-yang-yang-mut-n5-violet-magenta.png,https://anibal-amiot.com/motifs/par3-sans-yang-mut-h5.html,Tricolore Cellule — Pattern Without Yang Mutable n5 — La Livrée d'Hermès | Sacred Geometry Design,oui
49,a_programmer,2026-10-13T08:00,corpus-1024-cellule,motif-134-bases-yang-yang-mut-n6-violet-magenta.png,https://anibal-amiot.com/assets/motifs-pinterest/corpus-1024-cellule/motif-134-bases-yang-yang-mut-n6-violet-magenta.png,https://anibal-amiot.com/motifs/bases-yang-h6.html,Tricolore Cellule — Pattern Yang n6 — La Livrée d'Hermès | Sacred Geometry Design,oui
50,a_programmer,2026-10-13T11:00,corpus-1024-monochrome,motif-006-bases-yang-yang-mut-n6-violet-magenta.png,https://anibal-amiot.com/assets/motifs-pinterest/corpus-1024-monochrome/motif-006-bases-yang-yang-mut-n6-violet-magenta.png,https://anibal-amiot.com/motifs/bases-yang-mut-h6.html,Grisaille Pavage — Pattern Yang Mutable n6 — La Livrée d'Hermès | Sacred Geometry Design,oui
51,a_programmer,2026-10-13T14:00,corpus-1024-cellule-monochrome,motif-518-par2-yang-yang-mut-n6-violet-magenta.png,https://anibal-amiot.com/assets/motifs-pinterest/corpus-1024-cellule-monochrome/motif-518-par2-yang-yang-mut-n6-violet-magenta.png,https://anibal-amiot.com/motifs/par2-yin-yang-h6.html,Grisaille Cellule — Pattern Yin Yang n6 — La Livrée d'Hermès | Sacred Geometry Design,oui
52,a_programmer,2026-10-13T17:00,corpus-1024,motif-262-par2-yang-yang-mut-n6-violet-magenta.png,https://anibal-amiot.com/assets/motifs-pinterest/corpus-1024/motif-262-par2-yang-yang-mut-n6-violet-magenta.png,https://anibal-amiot.com/motifs/par2-yang-yin-mut-h6.html,Tricolore Pavage — Pattern Yang Yin Mutable n6 — La Livrée d'Hermès | Sacred Geometry Design,non
53,a_programmer,2026-10-14T08:00,corpus-1024-cellule,motif-646-par2-yang-yang-mut-n6-violet-magenta.png,https://anibal-amiot.com/assets/motifs-pinterest/corpus-1024-cellule/motif-646-par2-yang-yang-mut-n6-violet-magenta.png,https://anibal-amiot.com/motifs/par2-yin-yang-mut-h6.html,Tricolore Cellule — Pattern Yin Yang Mutable n6 — La Livrée d'Hermès | Sacred Geometry Design,oui
54,a_programmer,2026-10-14T11:00,corpus-1024-monochrome,motif-390-par2-yang-yang-mut-n6-violet-magenta.png,https://anibal-amiot.com/assets/motifs-pinterest/corpus-1024-monochrome/motif-390-par2-yang-yang-mut-n6-violet-magenta.png,https://anibal-amiot.com/motifs/par2-yin-mut-yang-mut-h6.html,Grisaille Pavage — Pattern Yin Yang Mutable Pair n6 — La Livrée d'Hermès | Sacred Geometry Design,oui
55,a_programmer,2026-10-14T14:00,corpus-1024-cellule-monochrome,motif-774-par3-yang-yang-mut-n6-violet-magenta.png,https://anibal-amiot.com/assets/motifs-pinterest/corpus-1024-cellule-monochrome/motif-774-par3-yang-yang-mut-n6-violet-magenta.png,https://anibal-amiot.com/motifs/par3-sans-yang-h6.html,Grisaille Cellule — Pattern Without Yang n6 — La Livrée d'Hermès | Sacred Geometry Design,oui
56,a_programmer,2026-10-14T17:00,corpus-1024,motif-902-par3-yang-yang-mut-n6-violet-magenta.png,https://anibal-amiot.com/assets/motifs-pinterest/corpus-1024/motif-902-par3-yang-yang-mut-n6-violet-magenta.png,https://anibal-amiot.com/motifs/par3-sans-yang-mut-h6.html,Tricolore Pavage — Pattern Without Yang Mutable n6 — La Livrée d'Hermès | Sacred Geometry Design,non
57,a_programmer,2026-10-15T08:00,corpus-1024-cellule,motif-135-bases-yang-yang-mut-n7-violet-magenta.png,https://anibal-amiot.com/assets/motifs-pinterest/corpus-1024-cellule/motif-135-bases-yang-yang-mut-n7-violet-magenta.png,https://anibal-amiot.com/motifs/bases-yang-h7.html,Tricolore Cellule — Pattern Yang n7 — La Livrée d'Hermès | Sacred Geometry Design,oui
58,a_programmer,2026-10-15T11:00,corpus-1024-monochrome,motif-007-bases-yang-yang-mut-n7-violet-magenta.png,https://anibal-amiot.com/assets/motifs-pinterest/corpus-1024-monochrome/motif-007-bases-yang-yang-mut-n7-violet-magenta.png,https://anibal-amiot.com/motifs/bases-yang-mut-h7.html,Grisaille Pavage — Pattern Yang Mutable n7 — La Livrée d'Hermès | Sacred Geometry Design,oui
59,a_programmer,2026-10-15T14:00,corpus-1024-cellule-monochrome,motif-519-par2-yang-yang-mut-n7-violet-magenta.png,https://anibal-amiot.com/assets/motifs-pinterest/corpus-1024-cellule-monochrome/motif-519-par2-yang-yang-mut-n7-violet-magenta.png,https://anibal-amiot.com/motifs/par2-yin-yang-h7.html,Grisaille Cellule — Pattern Yin Yang n7 — La Livrée d'Hermès | Sacred Geometry Design,oui
60,a_programmer,2026-10-15T17:00,corpus-1024,motif-263-par2-yang-yang-mut-n7-violet-magenta.png,https://anibal-amiot.com/assets/motifs-pinterest/corpus-1024/motif-263-par2-yang-yang-mut-n7-violet-magenta.png,https://anibal-amiot.com/motifs/par2-yang-yin-mut-h7.html,Tricolore Pavage — Pattern Yang Yin Mutable n7 — La Livrée d'Hermès | Sacred Geometry Design,non
61,a_programmer,2026-10-16T08:00,corpus-1024-cellule,motif-647-par2-yang-yang-mut-n7-violet-magenta.png,https://anibal-amiot.com/assets/motifs-pinterest/corpus-1024-cellule/motif-647-par2-yang-yang-mut-n7-violet-magenta.png,https://anibal-amiot.com/motifs/par2-yin-yang-mut-h7.html,Tricolore Cellule — Pattern Yin Yang Mutable n7 — La Livrée d'Hermès | Sacred Geometry Design,oui
62,a_programmer,2026-10-16T11:00,corpus-1024-monochrome,motif-391-par2-yang-yang-mut-n7-violet-magenta.png,https://anibal-amiot.com/assets/motifs-pinterest/corpus-1024-monochrome/motif-391-par2-yang-yang-mut-n7-violet-magenta.png,https://anibal-amiot.com/motifs/par2-yin-mut-yang-mut-h7.html,Grisaille Pavage — Pattern Yin Yang Mutable Pair n7 — La Livrée d'Hermès | Sacred Geometry Design,oui
63,a_programmer,2026-10-16T14:00,corpus-1024-cellule-monochrome,motif-775-par3-yang-yang-mut-n7-violet-magenta.png,https://anibal-amiot.com/assets/motifs-pinterest/corpus-1024-cellule-monochrome/motif-775-par3-yang-yang-mut-n7-violet-magenta.png,https://anibal-amiot.com/motifs/par3-sans-yang-h7.html,Grisaille Cellule — Pattern Without Yang n7 — La Livrée d'Hermès | Sacred Geometry Design,oui
64,a_programmer,2026-10-16T17:00,corpus-1024-cellule,motif-903-par3-yang-yang-mut-n7-violet-magenta.png,https://anibal-amiot.com/assets/motifs-pinterest/corpus-1024-cellule/motif-903-par3-yang-yang-mut-n7-violet-magenta.png,https://anibal-amiot.com/motifs/par3-sans-yang-mut-h7.html,Tricolore Cellule — Pattern Without Yang Mutable n7 — La Livrée d'Hermès | Sacred Geometry Design,oui
65,a_programmer,2026-10-17T08:00,corpus-1024-cellule,motif-136-bases-yang-yang-mut-n8-violet-magenta.png,https://anibal-amiot.com/assets/motifs-pinterest/corpus-1024-cellule/motif-136-bases-yang-yang-mut-n8-violet-magenta.png,https://anibal-amiot.com/motifs/bases-yang-h8.html,Tricolore Cellule — Pattern Yang n8 — La Livrée d'Hermès | Sacred Geometry Design,oui
66,a_programmer,2026-10-17T11:00,corpus-1024-monochrome,motif-008-bases-yang-yang-mut-n8-violet-magenta.png,https://anibal-amiot.com/assets/motifs-pinterest/corpus-1024-monochrome/motif-008-bases-yang-yang-mut-n8-violet-magenta.png,https://anibal-amiot.com/motifs/bases-yang-mut-h8.html,Grisaille Pavage — Pattern Yang Mutable n8 — La Livrée d'Hermès | Sacred Geometry Design,oui
67,a_programmer,2026-10-17T14:00,corpus-1024-cellule-monochrome,motif-520-par2-yang-yang-mut-n8-violet-magenta.png,https://anibal-amiot.com/assets/motifs-pinterest/corpus-1024-cellule-monochrome/motif-520-par2-yang-yang-mut-n8-violet-magenta.png,https://anibal-amiot.com/motifs/par2-yin-yang-h8.html,Grisaille Cellule — Pattern Yin Yang n8 — La Livrée d'Hermès | Sacred Geometry Design,oui
68,a_programmer,2026-10-17T17:00,corpus-1024,motif-264-par2-yang-yang-mut-n8-violet-magenta.png,https://anibal-amiot.com/assets/motifs-pinterest/corpus-1024/motif-264-par2-yang-yang-mut-n8-violet-magenta.png,https://anibal-amiot.com/motifs/par2-yang-yin-mut-h8.html,Tricolore Pavage — Pattern Yang Yin Mutable n8 — La Livrée d'Hermès | Sacred Geometry Design,non
69,a_programmer,2026-10-18T08:00,corpus-1024-cellule,motif-648-par2-yang-yang-mut-n8-violet-magenta.png,https://anibal-amiot.com/assets/motifs-pinterest/corpus-1024-cellule/motif-648-par2-yang-yang-mut-n8-violet-magenta.png,https://anibal-amiot.com/motifs/par2-yin-yang-mut-h8.html,Tricolore Cellule — Pattern Yin Yang Mutable n8 — La Livrée d'Hermès | Sacred Geometry Design,oui
70,a_programmer,2026-10-18T11:00,corpus-1024-monochrome,motif-392-par2-yang-yang-mut-n8-violet-magenta.png,https://anibal-amiot.com/assets/motifs-pinterest/corpus-1024-monochrome/motif-392-par2-yang-yang-mut-n8-violet-magenta.png,https://anibal-amiot.com/motifs/par2-yin-mut-yang-mut-h8.html,Grisaille Pavage — Pattern Yin Yang Mutable Pair n8 — La Livrée d'Hermès | Sacred Geometry Design,oui
71,a_programmer,2026-10-18T14:00,corpus-1024-cellule-monochrome,motif-776-par3-yang-yang-mut-n8-violet-magenta.png,https://anibal-amiot.com/assets/motifs-pinterest/corpus-1024-cellule-monochrome/motif-776-par3-yang-yang-mut-n8-violet-magenta.png,https://anibal-amiot.com/motifs/par3-sans-yang-h8.html,Grisaille Cellule — Pattern Without Yang n8 — La Livrée d'Hermès | Sacred Geometry Design,oui
72,a_programmer,2026-10-18T17:00,corpus-1024,motif-904-par3-yang-yang-mut-n8-violet-magenta.png,https://anibal-amiot.com/assets/motifs-pinterest/corpus-1024/motif-904-par3-yang-yang-mut-n8-violet-magenta.png,https://anibal-amiot.com/motifs/par3-sans-yang-mut-h8.html,Tricolore Pavage — Pattern Without Yang Mutable n8 — La Livrée d'Hermès | Sacred Geometry Design,non
73,a_programmer,2026-10-19T08:00,corpus-1024-cellule,motif-137-bases-yang-yang-mut-n9-violet-magenta.png,https://anibal-amiot.com/assets/motifs-pinterest/corpus-1024-cellule/motif-137-bases-yang-yang-mut-n9-violet-magenta.png,https://anibal-amiot.com/motifs/bases-yang-h9.html,Tricolore Cellule — Pattern Yang n9 — La Livrée d'Hermès | Sacred Geometry Design,oui
74,a_programmer,2026-10-19T11:00,corpus-1024-monochrome,motif-009-bases-yang-yang-mut-n9-violet-magenta.png,https://anibal-amiot.com/assets/motifs-pinterest/corpus-1024-monochrome/motif-009-bases-yang-yang-mut-n9-violet-magenta.png,https://anibal-amiot.com/motifs/bases-yang-mut-h9.html,Grisaille Pavage — Pattern Yang Mutable n9 — La Livrée d'Hermès | Sacred Geometry Design,oui
75,a_programmer,2026-10-19T14:00,corpus-1024-cellule-monochrome,motif-521-par2-yang-yang-mut-n9-violet-magenta.png,https://anibal-amiot.com/assets/motifs-pinterest/corpus-1024-cellule-monochrome/motif-521-par2-yang-yang-mut-n9-violet-magenta.png,https://anibal-amiot.com/motifs/par2-yin-yang-h9.html,Grisaille Cellule — Pattern Yin Yang n9 — La Livrée d'Hermès | Sacred Geometry Design,oui
76,a_programmer,2026-10-19T17:00,corpus-1024,motif-265-par2-yang-yang-mut-n9-violet-magenta.png,https://anibal-amiot.com/assets/motifs-pinterest/corpus-1024/motif-265-par2-yang-yang-mut-n9-violet-magenta.png,https://anibal-amiot.com/motifs/par2-yang-yin-mut-h9.html,Tricolore Pavage — Pattern Yang Yin Mutable n9 — La Livrée d'Hermès | Sacred Geometry Design,non
77,a_programmer,2026-10-20T08:00,corpus-1024-cellule,motif-649-par2-yang-yang-mut-n9-violet-magenta.png,https://anibal-amiot.com/assets/motifs-pinterest/corpus-1024-cellule/motif-649-par2-yang-yang-mut-n9-violet-magenta.png,https://anibal-amiot.com/motifs/par2-yin-yang-mut-h9.html,Tricolore Cellule — Pattern Yin Yang Mutable n9 — La Livrée d'Hermès | Sacred Geometry Design,oui
78,a_programmer,2026-10-20T11:00,corpus-1024-monochrome,motif-393-par2-yang-yang-mut-n9-violet-magenta.png,https://anibal-amiot.com/assets/motifs-pinterest/corpus-1024-monochrome/motif-393-par2-yang-yang-mut-n9-violet-magenta.png,https://anibal-amiot.com/motifs/par2-yin-mut-yang-mut-h9.html,Grisaille Pavage — Pattern Yin Yang Mutable Pair n9 — La Livrée d'Hermès | Sacred Geometry Design,oui
79,a_programmer,2026-10-20T14:00,corpus-1024-cellule-monochrome,motif-777-par3-yang-yang-mut-n9-violet-magenta.png,https://anibal-amiot.com/assets/motifs-pinterest/corpus-1024-cellule-monochrome/motif-777-par3-yang-yang-mut-n9-violet-magenta.png,https://anibal-amiot.com/motifs/par3-sans-yang-h9.html,Grisaille Cellule — Pattern Without Yang n9 — La Livrée d'Hermès | Sacred Geometry Design,oui
80,a_programmer,2026-10-20T17:00,corpus-1024,motif-905-par3-yang-yang-mut-n9-violet-magenta.png,https://anibal-amiot.com/assets/motifs-pinterest/corpus-1024/motif-905-par3-yang-yang-mut-n9-violet-magenta.png,https://anibal-amiot.com/motifs/par3-sans-yang-mut-h9.html,Tricolore Pavage — Pattern Without Yang Mutable n9 — La Livrée d'Hermès | Sacred Geometry Design,non
81,a_programmer,2026-10-21T08:00,corpus-1024-cellule,motif-138-bases-yang-yang-mut-n10-violet-magenta.png,https://anibal-amiot.com/assets/motifs-pinterest/corpus-1024-cellule/motif-138-bases-yang-yang-mut-n10-violet-magenta.png,https://anibal-amiot.com/motifs/bases-yang-h10.html,Tricolore Cellule — Pattern Yang n10 — La Livrée d'Hermès | Sacred Geometry Design,oui
82,a_programmer,2026-10-21T11:00,corpus-1024-monochrome,motif-010-bases-yang-yang-mut-n10-violet-magenta.png,https://anibal-amiot.com/assets/motifs-pinterest/corpus-1024-monochrome/motif-010-bases-yang-yang-mut-n10-violet-magenta.png,https://anibal-amiot.com/motifs/bases-yang-mut-h10.html,Grisaille Pavage — Pattern Yang Mutable n10 — La Livrée d'Hermès | Sacred Geometry Design,oui
83,a_programmer,2026-10-21T14:00,corpus-1024-cellule-monochrome,motif-522-par2-yang-yang-mut-n10-violet-magenta.png,https://anibal-amiot.com/assets/motifs-pinterest/corpus-1024-cellule-monochrome/motif-522-par2-yang-yang-mut-n10-violet-magenta.png,https://anibal-amiot.com/motifs/par2-yin-yang-h10.html,Grisaille Cellule — Pattern Yin Yang n10 — La Livrée d'Hermès | Sacred Geometry Design,oui
84,a_programmer,2026-10-21T17:00,corpus-1024,motif-266-par2-yang-yang-mut-n10-violet-magenta.png,https://anibal-amiot.com/assets/motifs-pinterest/corpus-1024/motif-266-par2-yang-yang-mut-n10-violet-magenta.png,https://anibal-amiot.com/motifs/par2-yang-yin-mut-h10.html,Tricolore Pavage — Pattern Yang Yin Mutable n10 — La Livrée d'Hermès | Sacred Geometry Design,non
85,a_programmer,2026-10-22T08:00,corpus-1024-cellule,motif-650-par2-yang-yang-mut-n10-violet-magenta.png,https://anibal-amiot.com/assets/motifs-pinterest/corpus-1024-cellule/motif-650-par2-yang-yang-mut-n10-violet-magenta.png,https://anibal-amiot.com/motifs/par2-yin-yang-mut-h10.html,Tricolore Cellule — Pattern Yin Yang Mutable n10 — La Livrée d'Hermès | Sacred Geometry Design,oui
86,a_programmer,2026-10-22T11:00,corpus-1024-monochrome,motif-394-par2-yang-yang-mut-n10-violet-magenta.png,https://anibal-amiot.com/assets/motifs-pinterest/corpus-1024-monochrome/motif-394-par2-yang-yang-mut-n10-violet-magenta.png,https://anibal-amiot.com/motifs/par2-yin-mut-yang-mut-h10.html,Grisaille Pavage — Pattern Yin Yang Mutable Pair n10 — La Livrée d'Hermès | Sacred Geometry Design,oui
87,a_programmer,2026-10-22T14:00,corpus-1024-cellule-monochrome,motif-778-par3-yang-yang-mut-n10-violet-magenta.png,https://anibal-amiot.com/assets/motifs-pinterest/corpus-1024-cellule-monochrome/motif-778-par3-yang-yang-mut-n10-violet-magenta.png,https://anibal-amiot.com/motifs/par3-sans-yang-h10.html,Grisaille Cellule — Pattern Without Yang n10 — La Livrée d'Hermès | Sacred Geometry Design,oui
88,a_programmer,2026-10-22T17:00,corpus-1024,motif-906-par3-yang-yang-mut-n10-violet-magenta.png,https://anibal-amiot.com/assets/motifs-pinterest/corpus-1024/motif-906-par3-yang-yang-mut-n10-violet-magenta.png,https://anibal-amiot.com/motifs/par3-sans-yang-mut-h10.html,Tricolore Pavage — Pattern Without Yang Mutable n10 — La Livrée d'Hermès | Sacred Geometry Design,non
89,a_programmer,2026-10-23T08:00,corpus-1024-cellule,motif-139-bases-yang-yang-mut-n11-violet-magenta.png,https://anibal-amiot.com/assets/motifs-pinterest/corpus-1024-cellule/motif-139-bases-yang-yang-mut-n11-violet-magenta.png,https://anibal-amiot.com/motifs/bases-yang-h11.html,Tricolore Cellule — Pattern Yang n11 — La Livrée d'Hermès | Sacred Geometry Design,oui
90,a_programmer,2026-10-23T11:00,corpus-1024-monochrome,motif-011-bases-yang-yang-mut-n11-violet-magenta.png,https://anibal-amiot.com/assets/motifs-pinterest/corpus-1024-monochrome/motif-011-bases-yang-yang-mut-n11-violet-magenta.png,https://anibal-amiot.com/motifs/bases-yang-mut-h11.html,Grisaille Pavage — Pattern Yang Mutable n11 — La Livrée d'Hermès | Sacred Geometry Design,oui
91,a_programmer,2026-10-23T14:00,corpus-1024-cellule-monochrome,motif-523-par2-yang-yang-mut-n11-violet-magenta.png,https://anibal-amiot.com/assets/motifs-pinterest/corpus-1024-cellule-monochrome/motif-523-par2-yang-yang-mut-n11-violet-magenta.png,https://anibal-amiot.com/motifs/par2-yin-yang-h11.html,Grisaille Cellule — Pattern Yin Yang n11 — La Livrée d'Hermès | Sacred Geometry Design,oui
92,a_programmer,2026-10-23T17:00,corpus-1024,motif-267-par2-yang-yang-mut-n11-violet-magenta.png,https://anibal-amiot.com/assets/motifs-pinterest/corpus-1024/motif-267-par2-yang-yang-mut-n11-violet-magenta.png,https://anibal-amiot.com/motifs/par2-yang-yin-mut-h11.html,Tricolore Pavage — Pattern Yang Yin Mutable n11 — La Livrée d'Hermès | Sacred Geometry Design,non
93,a_programmer,2026-10-24T08:00,corpus-1024-cellule,motif-651-par2-yang-yang-mut-n11-violet-magenta.png,https://anibal-amiot.com/assets/motifs-pinterest/corpus-1024-cellule/motif-651-par2-yang-yang-mut-n11-violet-magenta.png,https://anibal-amiot.com/motifs/par2-yin-yang-mut-h11.html,Tricolore Cellule — Pattern Yin Yang Mutable n11 — La Livrée d'Hermès | Sacred Geometry Design,oui
94,a_programmer,2026-10-24T11:00,corpus-1024-monochrome,motif-395-par2-yang-yang-mut-n11-violet-magenta.png,https://anibal-amiot.com/assets/motifs-pinterest/corpus-1024-monochrome/motif-395-par2-yang-yang-mut-n11-violet-magenta.png,https://anibal-amiot.com/motifs/par2-yin-mut-yang-mut-h11.html,Grisaille Pavage — Pattern Yin Yang Mutable Pair n11 — La Livrée d'Hermès | Sacred Geometry Design,oui
95,a_programmer,2026-10-24T14:00,corpus-1024-cellule-monochrome,motif-779-par3-yang-yang-mut-n11-violet-magenta.png,https://anibal-amiot.com/assets/motifs-pinterest/corpus-1024-cellule-monochrome/motif-779-par3-yang-yang-mut-n11-violet-magenta.png,https://anibal-amiot.com/motifs/par3-sans-yang-h11.html,Grisaille Cellule — Pattern Without Yang n11 — La Livrée d'Hermès | Sacred Geometry Design,oui
96,a_programmer,2026-10-24T17:00,corpus-1024,motif-907-par3-yang-yang-mut-n11-violet-magenta.png,https://anibal-amiot.com/assets/motifs-pinterest/corpus-1024/motif-907-par3-yang-yang-mut-n11-violet-magenta.png,https://anibal-amiot.com/motifs/par3-sans-yang-mut-h11.html,Tricolore Pavage — Pattern Without Yang Mutable n11 — La Livrée d'Hermès | Sacred Geometry Design,non
97,a_programmer,2026-10-25T08:00,corpus-1024-cellule,motif-140-bases-yang-yang-mut-n12-violet-magenta.png,https://anibal-amiot.com/assets/motifs-pinterest/corpus-1024-cellule/motif-140-bases-yang-yang-mut-n12-violet-magenta.png,https://anibal-amiot.com/motifs/bases-yang-h12.html,Tricolore Cellule — Pattern Yang n12 — La Livrée d'Hermès | Sacred Geometry Design,oui
98,a_programmer,2026-10-25T11:00,corpus-1024-monochrome,motif-012-bases-yang-yang-mut-n12-violet-magenta.png,https://anibal-amiot.com/assets/motifs-pinterest/corpus-1024-monochrome/motif-012-bases-yang-yang-mut-n12-violet-magenta.png,https://anibal-amiot.com/motifs/bases-yang-mut-h12.html,Grisaille Pavage — Pattern Yang Mutable n12 — La Livrée d'Hermès | Sacred Geometry Design,oui
99,a_programmer,2026-10-25T14:00,corpus-1024-cellule-monochrome,motif-524-par2-yang-yang-mut-n12-violet-magenta.png,https://anibal-amiot.com/assets/motifs-pinterest/corpus-1024-cellule-monochrome/motif-524-par2-yang-yang-mut-n12-violet-magenta.png,https://anibal-amiot.com/motifs/par2-yin-yang-h12.html,Grisaille Cellule — Pattern Yin Yang n12 — La Livrée d'Hermès | Sacred Geometry Design,oui
100,a_programmer,2026-10-25T17:00,corpus-1024,motif-268-par2-yang-yang-mut-n12-violet-magenta.png,https://anibal-amiot.com/assets/motifs-pinterest/corpus-1024/motif-268-par2-yang-yang-mut-n12-violet-magenta.png,https://anibal-amiot.com/motifs/par2-yang-yin-mut-h12.html,Tricolore Pavage — Pattern Yang Yin Mutable n12 — La Livrée d'Hermès | Sacred Geometry Design,non
101,a_programmer,2026-10-26T08:00,corpus-1024-cellule,motif-652-par2-yang-yang-mut-n12-violet-magenta.png,https://anibal-amiot.com/assets/motifs-pinterest/corpus-1024-cellule/motif-652-par2-yang-yang-mut-n12-violet-magenta.png,https://anibal-amiot.com/motifs/par2-yin-yang-mut-h12.html,Tricolore Cellule — Pattern Yin Yang Mutable n12 — La Livrée d'Hermès | Sacred Geometry Design,oui
102,a_programmer,2026-10-26T11:00,corpus-1024-monochrome,motif-396-par2-yang-yang-mut-n12-violet-magenta.png,https://anibal-amiot.com/assets/motifs-pinterest/corpus-1024-monochrome/motif-396-par2-yang-yang-mut-n12-violet-magenta.png,https://anibal-amiot.com/motifs/par2-yin-mut-yang-mut-h12.html,Grisaille Pavage — Pattern Yin Yang Mutable Pair n12 — La Livrée d'Hermès | Sacred Geometry Design,oui
103,a_programmer,2026-10-26T14:00,corpus-1024-cellule-monochrome,motif-780-par3-yang-yang-mut-n12-violet-magenta.png,https://anibal-amiot.com/assets/motifs-pinterest/corpus-1024-cellule-monochrome/motif-780-par3-yang-yang-mut-n12-violet-magenta.png,https://anibal-amiot.com/motifs/par3-sans-yang-h12.html,Grisaille Cellule — Pattern Without Yang n12 — La Livrée d'Hermès | Sacred Geometry Design,oui
104,a_programmer,2026-10-26T17:00,corpus-1024,motif-908-par3-yang-yang-mut-n12-violet-magenta.png,https://anibal-amiot.com/assets/motifs-pinterest/corpus-1024/motif-908-par3-yang-yang-mut-n12-violet-magenta.png,https://anibal-amiot.com/motifs/par3-sans-yang-mut-h12.html,Tricolore Pavage — Pattern Without Yang Mutable n12 — La Livrée d'Hermès | Sacred Geometry Design,non
105,a_programmer,2026-10-27T08:00,corpus-1024-cellule,motif-141-bases-yang-yang-mut-n13-violet-magenta.png,https://anibal-amiot.com/assets/motifs-pinterest/corpus-1024-cellule/motif-141-bases-yang-yang-mut-n13-violet-magenta.png,https://anibal-amiot.com/motifs/bases-yang-h13.html,Tricolore Cellule — Pattern Yang n13 — La Livrée d'Hermès | Sacred Geometry Design,oui
106,a_programmer,2026-10-27T11:00,corpus-1024-monochrome,motif-013-bases-yang-yang-mut-n13-violet-magenta.png,https://anibal-amiot.com/assets/motifs-pinterest/corpus-1024-monochrome/motif-013-bases-yang-yang-mut-n13-violet-magenta.png,https://anibal-amiot.com/motifs/bases-yang-mut-h13.html,Grisaille Pavage — Pattern Yang Mutable n13 — La Livrée d'Hermès | Sacred Geometry Design,oui
107,a_programmer,2026-10-27T14:00,corpus-1024-cellule-monochrome,motif-525-par2-yang-yang-mut-n13-violet-magenta.png,https://anibal-amiot.com/assets/motifs-pinterest/corpus-1024-cellule-monochrome/motif-525-par2-yang-yang-mut-n13-violet-magenta.png,https://anibal-amiot.com/motifs/par2-yin-yang-h13.html,Grisaille Cellule — Pattern Yin Yang n13 — La Livrée d'Hermès | Sacred Geometry Design,oui
108,a_programmer,2026-10-27T17:00,corpus-1024,motif-269-par2-yang-yang-mut-n13-violet-magenta.png,https://anibal-amiot.com/assets/motifs-pinterest/corpus-1024/motif-269-par2-yang-yang-mut-n13-violet-magenta.png,https://anibal-amiot.com/motifs/par2-yang-yin-mut-h13.html,Tricolore Pavage — Pattern Yang Yin Mutable n13 — La Livrée d'Hermès | Sacred Geometry Design,non
109,a_programmer,2026-10-28T08:00,corpus-1024-cellule,motif-653-par2-yang-yang-mut-n13-violet-magenta.png,https://anibal-amiot.com/assets/motifs-pinterest/corpus-1024-cellule/motif-653-par2-yang-yang-mut-n13-violet-magenta.png,https://anibal-amiot.com/motifs/par2-yin-yang-mut-h13.html,Tricolore Cellule — Pattern Yin Yang Mutable n13 — La Livrée d'Hermès | Sacred Geometry Design,oui
110,a_programmer,2026-10-28T11:00,corpus-1024-monochrome,motif-397-par2-yang-yang-mut-n13-violet-magenta.png,https://anibal-amiot.com/assets/motifs-pinterest/corpus-1024-monochrome/motif-397-par2-yang-yang-mut-n13-violet-magenta.png,https://anibal-amiot.com/motifs/par2-yin-mut-yang-mut-h13.html,Grisaille Pavage — Pattern Yin Yang Mutable Pair n13 — La Livrée d'Hermès | Sacred Geometry Design,oui
111,a_programmer,2026-10-28T14:00,corpus-1024-cellule-monochrome,motif-781-par3-yang-yang-mut-n13-violet-magenta.png,https://anibal-amiot.com/assets/motifs-pinterest/corpus-1024-cellule-monochrome/motif-781-par3-yang-yang-mut-n13-violet-magenta.png,https://anibal-amiot.com/motifs/par3-sans-yang-h13.html,Grisaille Cellule — Pattern Without Yang n13 — La Livrée d'Hermès | Sacred Geometry Design,oui
112,a_programmer,2026-10-28T17:00,corpus-1024,motif-909-par3-yang-yang-mut-n13-violet-magenta.png,https://anibal-amiot.com/assets/motifs-pinterest/corpus-1024/motif-909-par3-yang-yang-mut-n13-violet-magenta.png,https://anibal-amiot.com/motifs/par3-sans-yang-mut-h13.html,Tricolore Pavage — Pattern Without Yang Mutable n13 — La Livrée d'Hermès | Sacred Geometry Design,non
113,a_programmer,2026-10-29T08:00,corpus-1024-cellule,motif-142-bases-yang-yang-mut-n14-violet-magenta.png,https://anibal-amiot.com/assets/motifs-pinterest/corpus-1024-cellule/motif-142-bases-yang-yang-mut-n14-violet-magenta.png,https://anibal-amiot.com/motifs/bases-yang-h14.html,Tricolore Cellule — Pattern Yang n14 — La Livrée d'Hermès | Sacred Geometry Design,oui
114,a_programmer,2026-10-29T11:00,corpus-1024-monochrome,motif-014-bases-yang-yang-mut-n14-violet-magenta.png,https://anibal-amiot.com/assets/motifs-pinterest/corpus-1024-monochrome/motif-014-bases-yang-yang-mut-n14-violet-magenta.png,https://anibal-amiot.com/motifs/bases-yang-mut-h14.html,Grisaille Pavage — Pattern Yang Mutable n14 — La Livrée d'Hermès | Sacred Geometry Design,oui
115,a_programmer,2026-10-29T14:00,corpus-1024-cellule-monochrome,motif-526-par2-yang-yang-mut-n14-violet-magenta.png,https://anibal-amiot.com/assets/motifs-pinterest/corpus-1024-cellule-monochrome/motif-526-par2-yang-yang-mut-n14-violet-magenta.png,https://anibal-amiot.com/motifs/par2-yin-yang-h14.html,Grisaille Cellule — Pattern Yin Yang n14 — La Livrée d'Hermès | Sacred Geometry Design,oui
116,a_programmer,2026-10-29T17:00,corpus-1024,motif-270-par2-yang-yang-mut-n14-violet-magenta.png,https://anibal-amiot.com/assets/motifs-pinterest/corpus-1024/motif-270-par2-yang-yang-mut-n14-violet-magenta.png,https://anibal-amiot.com/motifs/par2-yang-yin-mut-h14.html,Tricolore Pavage — Pattern Yang Yin Mutable n14 — La Livrée d'Hermès | Sacred Geometry Design,non
117,a_programmer,2026-10-30T08:00,corpus-1024-cellule,motif-654-par2-yang-yang-mut-n14-violet-magenta.png,https://anibal-amiot.com/assets/motifs-pinterest/corpus-1024-cellule/motif-654-par2-yang-yang-mut-n14-violet-magenta.png,https://anibal-amiot.com/motifs/par2-yin-yang-mut-h14.html,Tricolore Cellule — Pattern Yin Yang Mutable n14 — La Livrée d'Hermès | Sacred Geometry Design,oui
118,a_programmer,2026-10-30T11:00,corpus-1024-monochrome,motif-398-par2-yang-yang-mut-n14-violet-magenta.png,https://anibal-amiot.com/assets/motifs-pinterest/corpus-1024-monochrome/motif-398-par2-yang-yang-mut-n14-violet-magenta.png,https://anibal-amiot.com/motifs/par2-yin-mut-yang-mut-h14.html,Grisaille Pavage — Pattern Yin Yang Mutable Pair n14 — La Livrée d'Hermès | Sacred Geometry Design,oui
119,a_programmer,2026-10-30T14:00,corpus-1024-cellule-monochrome,motif-782-par3-yang-yang-mut-n14-violet-magenta.png,https://anibal-amiot.com/assets/motifs-pinterest/corpus-1024-cellule-monochrome/motif-782-par3-yang-yang-mut-n14-violet-magenta.png,https://anibal-amiot.com/motifs/par3-sans-yang-h14.html,Grisaille Cellule — Pattern Without Yang n14 — La Livrée d'Hermès | Sacred Geometry Design,oui
120,a_programmer,2026-10-30T17:00,corpus-1024,motif-910-par3-yang-yang-mut-n14-violet-magenta.png,https://anibal-amiot.com/assets/motifs-pinterest/corpus-1024/motif-910-par3-yang-yang-mut-n14-violet-magenta.png,https://anibal-amiot.com/motifs/par3-sans-yang-mut-h14.html,Tricolore Pavage — Pattern Without Yang Mutable n14 — La Livrée d'Hermès | Sacred Geometry Design,non
121,a_programmer,2026-10-31T08:00,corpus-1024-cellule,motif-143-bases-yang-yang-mut-n15-violet-magenta.png,https://anibal-amiot.com/assets/motifs-pinterest/corpus-1024-cellule/motif-143-bases-yang-yang-mut-n15-violet-magenta.png,https://anibal-amiot.com/motifs/bases-yang-h15.html,Tricolore Cellule — Pattern Yang n15 — La Livrée d'Hermès | Sacred Geometry Design,oui
122,a_programmer,2026-10-31T11:00,corpus-1024-monochrome,motif-015-bases-yang-yang-mut-n15-violet-magenta.png,https://anibal-amiot.com/assets/motifs-pinterest/corpus-1024-monochrome/motif-015-bases-yang-yang-mut-n15-violet-magenta.png,https://anibal-amiot.com/motifs/bases-yang-mut-h15.html,Grisaille Pavage — Pattern Yang Mutable n15 — La Livrée d'Hermès | Sacred Geometry Design,oui
123,a_programmer,2026-10-31T14:00,corpus-1024-cellule-monochrome,motif-527-par2-yang-yang-mut-n15-violet-magenta.png,https://anibal-amiot.com/assets/motifs-pinterest/corpus-1024-cellule-monochrome/motif-527-par2-yang-yang-mut-n15-violet-magenta.png,https://anibal-amiot.com/motifs/par2-yin-yang-h15.html,Grisaille Cellule — Pattern Yin Yang n15 — La Livrée d'Hermès | Sacred Geometry Design,oui
124,a_programmer,2026-10-31T17:00,corpus-1024,motif-271-par2-yang-yang-mut-n15-violet-magenta.png,https://anibal-amiot.com/assets/motifs-pinterest/corpus-1024/motif-271-par2-yang-yang-mut-n15-violet-magenta.png,https://anibal-amiot.com/motifs/par2-yang-yin-mut-h15.html,Tricolore Pavage — Pattern Yang Yin Mutable n15 — La Livrée d'Hermès | Sacred Geometry Design,non
125,a_programmer,2026-11-01T08:00,corpus-1024-cellule,motif-655-par2-yang-yang-mut-n15-violet-magenta.png,https://anibal-amiot.com/assets/motifs-pinterest/corpus-1024-cellule/motif-655-par2-yang-yang-mut-n15-violet-magenta.png,https://anibal-amiot.com/motifs/par2-yin-yang-mut-h15.html,Tricolore Cellule — Pattern Yin Yang Mutable n15 — La Livrée d'Hermès | Sacred Geometry Design,oui
126,a_programmer,2026-11-01T11:00,corpus-1024-monochrome,motif-399-par2-yang-yang-mut-n15-violet-magenta.png,https://anibal-amiot.com/assets/motifs-pinterest/corpus-1024-monochrome/motif-399-par2-yang-yang-mut-n15-violet-magenta.png,https://anibal-amiot.com/motifs/par2-yin-mut-yang-mut-h15.html,Grisaille Pavage — Pattern Yin Yang Mutable Pair n15 — La Livrée d'Hermès | Sacred Geometry Design,oui
127,a_programmer,2026-11-01T14:00,corpus-1024-cellule-monochrome,motif-783-par3-yang-yang-mut-n15-violet-magenta.png,https://anibal-amiot.com/assets/motifs-pinterest/corpus-1024-cellule-monochrome/motif-783-par3-yang-yang-mut-n15-violet-magenta.png,https://anibal-amiot.com/motifs/par3-sans-yang-h15.html,Grisaille Cellule — Pattern Without Yang n15 — La Livrée d'Hermès | Sacred Geometry Design,oui
128,a_programmer,2026-11-01T17:00,corpus-1024,motif-911-par3-yang-yang-mut-n15-violet-magenta.png,https://anibal-amiot.com/assets/motifs-pinterest/corpus-1024/motif-911-par3-yang-yang-mut-n15-violet-magenta.png,https://anibal-amiot.com/motifs/par3-sans-yang-mut-h15.html,Tricolore Pavage — Pattern Without Yang Mutable n15 — La Livrée d'Hermès | Sacred Geometry Design,non
129,a_programmer,2026-11-02T08:00,corpus-1024-cellule,motif-144-bases-yang-yang-mut-n16-violet-magenta.png,https://anibal-amiot.com/assets/motifs-pinterest/corpus-1024-cellule/motif-144-bases-yang-yang-mut-n16-violet-magenta.png,https://anibal-amiot.com/motifs/bases-yang-h16.html,Tricolore Cellule — Pattern Yang n16 — La Livrée d'Hermès | Sacred Geometry Design,oui
130,a_programmer,2026-11-02T11:00,corpus-1024-monochrome,motif-016-bases-yang-yang-mut-n16-violet-magenta.png,https://anibal-amiot.com/assets/motifs-pinterest/corpus-1024-monochrome/motif-016-bases-yang-yang-mut-n16-violet-magenta.png,https://anibal-amiot.com/motifs/bases-yang-mut-h16.html,Grisaille Pavage — Pattern Yang Mutable n16 — La Livrée d'Hermès | Sacred Geometry Design,oui
131,a_programmer,2026-11-02T14:00,corpus-1024-cellule-monochrome,motif-528-par2-yang-yang-mut-n16-violet-magenta.png,https://anibal-amiot.com/assets/motifs-pinterest/corpus-1024-cellule-monochrome/motif-528-par2-yang-yang-mut-n16-violet-magenta.png,https://anibal-amiot.com/motifs/par2-yin-yang-h16.html,Grisaille Cellule — Pattern Yin Yang n16 — La Livrée d'Hermès | Sacred Geometry Design,oui
132,a_programmer,2026-11-02T17:00,corpus-1024,motif-272-par2-yang-yang-mut-n16-violet-magenta.png,https://anibal-amiot.com/assets/motifs-pinterest/corpus-1024/motif-272-par2-yang-yang-mut-n16-violet-magenta.png,https://anibal-amiot.com/motifs/par2-yang-yin-mut-h16.html,Tricolore Pavage — Pattern Yang Yin Mutable n16 — La Livrée d'Hermès | Sacred Geometry Design,non
133,a_programmer,2026-11-03T08:00,corpus-1024-cellule,motif-656-par2-yang-yang-mut-n16-violet-magenta.png,https://anibal-amiot.com/assets/motifs-pinterest/corpus-1024-cellule/motif-656-par2-yang-yang-mut-n16-violet-magenta.png,https://anibal-amiot.com/motifs/par2-yin-yang-mut-h16.html,Tricolore Cellule — Pattern Yin Yang Mutable n16 — La Livrée d'Hermès | Sacred Geometry Design,oui
134,a_programmer,2026-11-03T11:00,corpus-1024-monochrome,motif-400-par2-yang-yang-mut-n16-violet-magenta.png,https://anibal-amiot.com/assets/motifs-pinterest/corpus-1024-monochrome/motif-400-par2-yang-yang-mut-n16-violet-magenta.png,https://anibal-amiot.com/motifs/par2-yin-mut-yang-mut-h16.html,Grisaille Pavage — Pattern Yin Yang Mutable Pair n16 — La Livrée d'Hermès | Sacred Geometry Design,oui
135,a_programmer,2026-11-03T14:00,corpus-1024-cellule-monochrome,motif-784-par3-yang-yang-mut-n16-violet-magenta.png,https://anibal-amiot.com/assets/motifs-pinterest/corpus-1024-cellule-monochrome/motif-784-par3-yang-yang-mut-n16-violet-magenta.png,https://anibal-amiot.com/motifs/par3-sans-yang-h16.html,Grisaille Cellule — Pattern Without Yang n16 — La Livrée d'Hermès | Sacred Geometry Design,oui
136,a_programmer,2026-11-03T17:00,corpus-1024,motif-912-par3-yang-yang-mut-n16-violet-magenta.png,https://anibal-amiot.com/assets/motifs-pinterest/corpus-1024/motif-912-par3-yang-yang-mut-n16-violet-magenta.png,https://anibal-amiot.com/motifs/par3-sans-yang-mut-h16.html,Tricolore Pavage — Pattern Without Yang Mutable n16 — La Livrée d'Hermès | Sacred Geometry Design,non
137,a_programmer,2026-11-04T08:00,corpus-1024-cellule,motif-145-bases-yang-yang-mut-n17-violet-magenta.png,https://anibal-amiot.com/assets/motifs-pinterest/corpus-1024-cellule/motif-145-bases-yang-yang-mut-n17-violet-magenta.png,https://anibal-amiot.com/motifs/bases-yang-h17.html,Tricolore Cellule — Pattern Yang n17 — La Livrée d'Hermès | Sacred Geometry Design,oui
138,a_programmer,2026-11-04T11:00,corpus-1024-monochrome,motif-017-bases-yang-yang-mut-n17-violet-magenta.png,https://anibal-amiot.com/assets/motifs-pinterest/corpus-1024-monochrome/motif-017-bases-yang-yang-mut-n17-violet-magenta.png,https://anibal-amiot.com/motifs/bases-yang-mut-h17.html,Grisaille Pavage — Pattern Yang Mutable n17 — La Livrée d'Hermès | Sacred Geometry Design,oui
139,a_programmer,2026-11-04T14:00,corpus-1024-cellule-monochrome,motif-529-par2-yang-yang-mut-n17-violet-magenta.png,https://anibal-amiot.com/assets/motifs-pinterest/corpus-1024-cellule-monochrome/motif-529-par2-yang-yang-mut-n17-violet-magenta.png,https://anibal-amiot.com/motifs/par2-yin-yang-h17.html,Grisaille Cellule — Pattern Yin Yang n17 — La Livrée d'Hermès | Sacred Geometry Design,oui
140,a_programmer,2026-11-04T17:00,corpus-1024,motif-273-par2-yang-yang-mut-n17-violet-magenta.png,https://anibal-amiot.com/assets/motifs-pinterest/corpus-1024/motif-273-par2-yang-yang-mut-n17-violet-magenta.png,https://anibal-amiot.com/motifs/par2-yang-yin-mut-h17.html,Tricolore Pavage — Pattern Yang Yin Mutable n17 — La Livrée d'Hermès | Sacred Geometry Design,non
141,a_programmer,2026-11-05T08:00,corpus-1024-cellule,motif-657-par2-yang-yang-mut-n17-violet-magenta.png,https://anibal-amiot.com/assets/motifs-pinterest/corpus-1024-cellule/motif-657-par2-yang-yang-mut-n17-violet-magenta.png,https://anibal-amiot.com/motifs/par2-yin-yang-mut-h17.html,Tricolore Cellule — Pattern Yin Yang Mutable n17 — La Livrée d'Hermès | Sacred Geometry Design,oui
142,a_programmer,2026-11-05T11:00,corpus-1024-monochrome,motif-401-par2-yang-yang-mut-n17-violet-magenta.png,https://anibal-amiot.com/assets/motifs-pinterest/corpus-1024-monochrome/motif-401-par2-yang-yang-mut-n17-violet-magenta.png,https://anibal-amiot.com/motifs/par2-yin-mut-yang-mut-h17.html,Grisaille Pavage — Pattern Yin Yang Mutable Pair n17 — La Livrée d'Hermès | Sacred Geometry Design,oui
143,a_programmer,2026-11-05T14:00,corpus-1024-cellule-monochrome,motif-785-par3-yang-yang-mut-n17-violet-magenta.png,https://anibal-amiot.com/assets/motifs-pinterest/corpus-1024-cellule-monochrome/motif-785-par3-yang-yang-mut-n17-violet-magenta.png,https://anibal-amiot.com/motifs/par3-sans-yang-h17.html,Grisaille Cellule — Pattern Without Yang n17 — La Livrée d'Hermès | Sacred Geometry Design,oui
144,a_programmer,2026-11-05T17:00,corpus-1024,motif-913-par3-yang-yang-mut-n17-violet-magenta.png,https://anibal-amiot.com/assets/motifs-pinterest/corpus-1024/motif-913-par3-yang-yang-mut-n17-violet-magenta.png,https://anibal-amiot.com/motifs/par3-sans-yang-mut-h17.html,Tricolore Pavage — Pattern Without Yang Mutable n17 — La Livrée d'Hermès | Sacred Geometry Design,non
145,a_programmer,2026-11-06T08:00,corpus-1024-cellule,motif-146-bases-yang-yang-mut-n18-violet-magenta.png,https://anibal-amiot.com/assets/motifs-pinterest/corpus-1024-cellule/motif-146-bases-yang-yang-mut-n18-violet-magenta.png,https://anibal-amiot.com/motifs/bases-yang-h18.html,Tricolore Cellule — Pattern Yang n18 — La Livrée d'Hermès | Sacred Geometry Design,oui
146,a_programmer,2026-11-06T11:00,corpus-1024-monochrome,motif-018-bases-yang-yang-mut-n18-violet-magenta.png,https://anibal-amiot.com/assets/motifs-pinterest/corpus-1024-monochrome/motif-018-bases-yang-yang-mut-n18-violet-magenta.png,https://anibal-amiot.com/motifs/bases-yang-mut-h18.html,Grisaille Pavage — Pattern Yang Mutable n18 — La Livrée d'Hermès | Sacred Geometry Design,oui
147,a_programmer,2026-11-06T14:00,corpus-1024-cellule-monochrome,motif-530-par2-yang-yang-mut-n18-violet-magenta.png,https://anibal-amiot.com/assets/motifs-pinterest/corpus-1024-cellule-monochrome/motif-530-par2-yang-yang-mut-n18-violet-magenta.png,https://anibal-amiot.com/motifs/par2-yin-yang-h18.html,Grisaille Cellule — Pattern Yin Yang n18 — La Livrée d'Hermès | Sacred Geometry Design,oui
148,a_programmer,2026-11-06T17:00,corpus-1024,motif-274-par2-yang-yang-mut-n18-violet-magenta.png,https://anibal-amiot.com/assets/motifs-pinterest/corpus-1024/motif-274-par2-yang-yang-mut-n18-violet-magenta.png,https://anibal-amiot.com/motifs/par2-yang-yin-mut-h18.html,Tricolore Pavage — Pattern Yang Yin Mutable n18 — La Livrée d'Hermès | Sacred Geometry Design,non
149,a_programmer,2026-11-07T08:00,corpus-1024-cellule,motif-658-par2-yang-yang-mut-n18-violet-magenta.png,https://anibal-amiot.com/assets/motifs-pinterest/corpus-1024-cellule/motif-658-par2-yang-yang-mut-n18-violet-magenta.png,https://anibal-amiot.com/motifs/par2-yin-yang-mut-h18.html,Tricolore Cellule — Pattern Yin Yang Mutable n18 — La Livrée d'Hermès | Sacred Geometry Design,oui
150,a_programmer,2026-11-07T11:00,corpus-1024-monochrome,motif-402-par2-yang-yang-mut-n18-violet-magenta.png,https://anibal-amiot.com/assets/motifs-pinterest/corpus-1024-monochrome/motif-402-par2-yang-yang-mut-n18-violet-magenta.png,https://anibal-amiot.com/motifs/par2-yin-mut-yang-mut-h18.html,Grisaille Pavage — Pattern Yin Yang Mutable Pair n18 — La Livrée d'Hermès | Sacred Geometry Design,oui
151,a_programmer,2026-11-07T14:00,corpus-1024-cellule-monochrome,motif-786-par3-yang-yang-mut-n18-violet-magenta.png,https://anibal-amiot.com/assets/motifs-pinterest/corpus-1024-cellule-monochrome/motif-786-par3-yang-yang-mut-n18-violet-magenta.png,https://anibal-amiot.com/motifs/par3-sans-yang-h18.html,Grisaille Cellule — Pattern Without Yang n18 — La Livrée d'Hermès | Sacred Geometry Design,oui
152,a_programmer,2026-11-07T17:00,corpus-1024,motif-914-par3-yang-yang-mut-n18-violet-magenta.png,https://anibal-amiot.com/assets/motifs-pinterest/corpus-1024/motif-914-par3-yang-yang-mut-n18-violet-magenta.png,https://anibal-amiot.com/motifs/par3-sans-yang-mut-h18.html,Tricolore Pavage — Pattern Without Yang Mutable n18 — La Livrée d'Hermès | Sacred Geometry Design,non
153,a_programmer,2026-11-08T08:00,corpus-1024-cellule,motif-147-bases-yang-yang-mut-n19-violet-magenta.png,https://anibal-amiot.com/assets/motifs-pinterest/corpus-1024-cellule/motif-147-bases-yang-yang-mut-n19-violet-magenta.png,https://anibal-amiot.com/motifs/bases-yang-h19.html,Tricolore Cellule — Pattern Yang n19 — La Livrée d'Hermès | Sacred Geometry Design,oui
154,a_programmer,2026-11-08T11:00,corpus-1024-monochrome,motif-019-bases-yang-yang-mut-n19-violet-magenta.png,https://anibal-amiot.com/assets/motifs-pinterest/corpus-1024-monochrome/motif-019-bases-yang-yang-mut-n19-violet-magenta.png,https://anibal-amiot.com/motifs/bases-yang-mut-h19.html,Grisaille Pavage — Pattern Yang Mutable n19 — La Livrée d'Hermès | Sacred Geometry Design,oui
155,a_programmer,2026-11-08T14:00,corpus-1024-cellule-monochrome,motif-531-par2-yang-yang-mut-n19-violet-magenta.png,https://anibal-amiot.com/assets/motifs-pinterest/corpus-1024-cellule-monochrome/motif-531-par2-yang-yang-mut-n19-violet-magenta.png,https://anibal-amiot.com/motifs/par2-yin-yang-h19.html,Grisaille Cellule — Pattern Yin Yang n19 — La Livrée d'Hermès | Sacred Geometry Design,oui
156,a_programmer,2026-11-08T17:00,corpus-1024,motif-275-par2-yang-yang-mut-n19-violet-magenta.png,https://anibal-amiot.com/assets/motifs-pinterest/corpus-1024/motif-275-par2-yang-yang-mut-n19-violet-magenta.png,https://anibal-amiot.com/motifs/par2-yang-yin-mut-h19.html,Tricolore Pavage — Pattern Yang Yin Mutable n19 — La Livrée d'Hermès | Sacred Geometry Design,non
157,a_programmer,2026-11-09T08:00,corpus-1024-cellule,motif-659-par2-yang-yang-mut-n19-violet-magenta.png,https://anibal-amiot.com/assets/motifs-pinterest/corpus-1024-cellule/motif-659-par2-yang-yang-mut-n19-violet-magenta.png,https://anibal-amiot.com/motifs/par2-yin-yang-mut-h19.html,Tricolore Cellule — Pattern Yin Yang Mutable n19 — La Livrée d'Hermès | Sacred Geometry Design,oui
158,a_programmer,2026-11-09T11:00,corpus-1024-monochrome,motif-403-par2-yang-yang-mut-n19-violet-magenta.png,https://anibal-amiot.com/assets/motifs-pinterest/corpus-1024-monochrome/motif-403-par2-yang-yang-mut-n19-violet-magenta.png,https://anibal-amiot.com/motifs/par2-yin-mut-yang-mut-h19.html,Grisaille Pavage — Pattern Yin Yang Mutable Pair n19 — La Livrée d'Hermès | Sacred Geometry Design,oui
159,a_programmer,2026-11-09T14:00,corpus-1024-cellule-monochrome,motif-787-par3-yang-yang-mut-n19-violet-magenta.png,https://anibal-amiot.com/assets/motifs-pinterest/corpus-1024-cellule-monochrome/motif-787-par3-yang-yang-mut-n19-violet-magenta.png,https://anibal-amiot.com/motifs/par3-sans-yang-h19.html,Grisaille Cellule — Pattern Without Yang n19 — La Livrée d'Hermès | Sacred Geometry Design,oui
160,a_programmer,2026-11-09T17:00,corpus-1024,motif-915-par3-yang-yang-mut-n19-violet-magenta.png,https://anibal-amiot.com/assets/motifs-pinterest/corpus-1024/motif-915-par3-yang-yang-mut-n19-violet-magenta.png,https://anibal-amiot.com/motifs/par3-sans-yang-mut-h19.html,Tricolore Pavage — Pattern Without Yang Mutable n19 — La Livrée d'Hermès | Sacred Geometry Design,non
161,a_programmer,2026-11-10T08:00,corpus-1024-cellule,motif-148-bases-yang-yang-mut-n20-violet-magenta.png,https://anibal-amiot.com/assets/motifs-pinterest/corpus-1024-cellule/motif-148-bases-yang-yang-mut-n20-violet-magenta.png,https://anibal-amiot.com/motifs/bases-yang-h20.html,Tricolore Cellule — Pattern Yang n20 — La Livrée d'Hermès | Sacred Geometry Design,oui
162,a_programmer,2026-11-10T11:00,corpus-1024-monochrome,motif-020-bases-yang-yang-mut-n20-violet-magenta.png,https://anibal-amiot.com/assets/motifs-pinterest/corpus-1024-monochrome/motif-020-bases-yang-yang-mut-n20-violet-magenta.png,https://anibal-amiot.com/motifs/bases-yang-mut-h20.html,Grisaille Pavage — Pattern Yang Mutable n20 — La Livrée d'Hermès | Sacred Geometry Design,oui
163,a_programmer,2026-11-10T14:00,corpus-1024-cellule-monochrome,motif-532-par2-yang-yang-mut-n20-violet-magenta.png,https://anibal-amiot.com/assets/motifs-pinterest/corpus-1024-cellule-monochrome/motif-532-par2-yang-yang-mut-n20-violet-magenta.png,https://anibal-amiot.com/motifs/par2-yin-yang-h20.html,Grisaille Cellule — Pattern Yin Yang n20 — La Livrée d'Hermès | Sacred Geometry Design,oui
164,a_programmer,2026-11-10T17:00,corpus-1024,motif-276-par2-yang-yang-mut-n20-violet-magenta.png,https://anibal-amiot.com/assets/motifs-pinterest/corpus-1024/motif-276-par2-yang-yang-mut-n20-violet-magenta.png,https://anibal-amiot.com/motifs/par2-yang-yin-mut-h20.html,Tricolore Pavage — Pattern Yang Yin Mutable n20 — La Livrée d'Hermès | Sacred Geometry Design,non
165,a_programmer,2026-11-11T08:00,corpus-1024-cellule,motif-660-par2-yang-yang-mut-n20-violet-magenta.png,https://anibal-amiot.com/assets/motifs-pinterest/corpus-1024-cellule/motif-660-par2-yang-yang-mut-n20-violet-magenta.png,https://anibal-amiot.com/motifs/par2-yin-yang-mut-h20.html,Tricolore Cellule — Pattern Yin Yang Mutable n20 — La Livrée d'Hermès | Sacred Geometry Design,oui
166,a_programmer,2026-11-11T11:00,corpus-1024-monochrome,motif-404-par2-yang-yang-mut-n20-violet-magenta.png,https://anibal-amiot.com/assets/motifs-pinterest/corpus-1024-monochrome/motif-404-par2-yang-yang-mut-n20-violet-magenta.png,https://anibal-amiot.com/motifs/par2-yin-mut-yang-mut-h20.html,Grisaille Pavage — Pattern Yin Yang Mutable Pair n20 — La Livrée d'Hermès | Sacred Geometry Design,oui
167,a_programmer,2026-11-11T14:00,corpus-1024-cellule-monochrome,motif-788-par3-yang-yang-mut-n20-violet-magenta.png,https://anibal-amiot.com/assets/motifs-pinterest/corpus-1024-cellule-monochrome/motif-788-par3-yang-yang-mut-n20-violet-magenta.png,https://anibal-amiot.com/motifs/par3-sans-yang-h20.html,Grisaille Cellule — Pattern Without Yang n20 — La Livrée d'Hermès | Sacred Geometry Design,oui
168,a_programmer,2026-11-11T17:00,corpus-1024,motif-916-par3-yang-yang-mut-n20-violet-magenta.png,https://anibal-amiot.com/assets/motifs-pinterest/corpus-1024/motif-916-par3-yang-yang-mut-n20-violet-magenta.png,https://anibal-amiot.com/motifs/par3-sans-yang-mut-h20.html,Tricolore Pavage — Pattern Without Yang Mutable n20 — La Livrée d'Hermès | Sacred Geometry Design,non
169,a_programmer,2026-11-12T08:00,corpus-1024-cellule,motif-149-bases-yang-yang-mut-n21-violet-magenta.png,https://anibal-amiot.com/assets/motifs-pinterest/corpus-1024-cellule/motif-149-bases-yang-yang-mut-n21-violet-magenta.png,https://anibal-amiot.com/motifs/bases-yang-h21.html,Tricolore Cellule — Pattern Yang n21 — La Livrée d'Hermès | Sacred Geometry Design,oui
170,a_programmer,2026-11-12T11:00,corpus-1024-monochrome,motif-021-bases-yang-yang-mut-n21-violet-magenta.png,https://anibal-amiot.com/assets/motifs-pinterest/corpus-1024-monochrome/motif-021-bases-yang-yang-mut-n21-violet-magenta.png,https://anibal-amiot.com/motifs/bases-yang-mut-h21.html,Grisaille Pavage — Pattern Yang Mutable n21 — La Livrée d'Hermès | Sacred Geometry Design,oui
171,a_programmer,2026-11-12T14:00,corpus-1024-cellule-monochrome,motif-533-par2-yang-yang-mut-n21-violet-magenta.png,https://anibal-amiot.com/assets/motifs-pinterest/corpus-1024-cellule-monochrome/motif-533-par2-yang-yang-mut-n21-violet-magenta.png,https://anibal-amiot.com/motifs/par2-yin-yang-h21.html,Grisaille Cellule — Pattern Yin Yang n21 — La Livrée d'Hermès | Sacred Geometry Design,oui
172,a_programmer,2026-11-12T17:00,corpus-1024,motif-277-par2-yang-yang-mut-n21-violet-magenta.png,https://anibal-amiot.com/assets/motifs-pinterest/corpus-1024/motif-277-par2-yang-yang-mut-n21-violet-magenta.png,https://anibal-amiot.com/motifs/par2-yang-yin-mut-h21.html,Tricolore Pavage — Pattern Yang Yin Mutable n21 — La Livrée d'Hermès | Sacred Geometry Design,non
173,a_programmer,2026-11-13T08:00,corpus-1024-cellule,motif-661-par2-yang-yang-mut-n21-violet-magenta.png,https://anibal-amiot.com/assets/motifs-pinterest/corpus-1024-cellule/motif-661-par2-yang-yang-mut-n21-violet-magenta.png,https://anibal-amiot.com/motifs/par2-yin-yang-mut-h21.html,Tricolore Cellule — Pattern Yin Yang Mutable n21 — La Livrée d'Hermès | Sacred Geometry Design,oui
174,a_programmer,2026-11-13T11:00,corpus-1024-monochrome,motif-405-par2-yang-yang-mut-n21-violet-magenta.png,https://anibal-amiot.com/assets/motifs-pinterest/corpus-1024-monochrome/motif-405-par2-yang-yang-mut-n21-violet-magenta.png,https://anibal-amiot.com/motifs/par2-yin-mut-yang-mut-h21.html,Grisaille Pavage — Pattern Yin Yang Mutable Pair n21 — La Livrée d'Hermès | Sacred Geometry Design,oui
175,a_programmer,2026-11-13T14:00,corpus-1024-cellule-monochrome,motif-789-par3-yang-yang-mut-n21-violet-magenta.png,https://anibal-amiot.com/assets/motifs-pinterest/corpus-1024-cellule-monochrome/motif-789-par3-yang-yang-mut-n21-violet-magenta.png,https://anibal-amiot.com/motifs/par3-sans-yang-h21.html,Grisaille Cellule — Pattern Without Yang n21 — La Livrée d'Hermès | Sacred Geometry Design,oui
176,a_programmer,2026-11-13T17:00,corpus-1024,motif-917-par3-yang-yang-mut-n21-violet-magenta.png,https://anibal-amiot.com/assets/motifs-pinterest/corpus-1024/motif-917-par3-yang-yang-mut-n21-violet-magenta.png,https://anibal-amiot.com/motifs/par3-sans-yang-mut-h21.html,Tricolore Pavage — Pattern Without Yang Mutable n21 — La Livrée d'Hermès | Sacred Geometry Design,non
177,a_programmer,2026-11-14T08:00,corpus-1024-cellule,motif-150-bases-yang-yang-mut-n22-violet-magenta.png,https://anibal-amiot.com/assets/motifs-pinterest/corpus-1024-cellule/motif-150-bases-yang-yang-mut-n22-violet-magenta.png,https://anibal-amiot.com/motifs/bases-yang-h22.html,Tricolore Cellule — Pattern Yang n22 — La Livrée d'Hermès | Sacred Geometry Design,oui
178,a_programmer,2026-11-14T11:00,corpus-1024-monochrome,motif-022-bases-yang-yang-mut-n22-violet-magenta.png,https://anibal-amiot.com/assets/motifs-pinterest/corpus-1024-monochrome/motif-022-bases-yang-yang-mut-n22-violet-magenta.png,https://anibal-amiot.com/motifs/bases-yang-mut-h22.html,Grisaille Pavage — Pattern Yang Mutable n22 — La Livrée d'Hermès | Sacred Geometry Design,oui
179,a_programmer,2026-11-14T14:00,corpus-1024-cellule-monochrome,motif-534-par2-yang-yang-mut-n22-violet-magenta.png,https://anibal-amiot.com/assets/motifs-pinterest/corpus-1024-cellule-monochrome/motif-534-par2-yang-yang-mut-n22-violet-magenta.png,https://anibal-amiot.com/motifs/par2-yin-yang-h22.html,Grisaille Cellule — Pattern Yin Yang n22 — La Livrée d'Hermès | Sacred Geometry Design,oui
180,a_programmer,2026-11-14T17:00,corpus-1024,motif-278-par2-yang-yang-mut-n22-violet-magenta.png,https://anibal-amiot.com/assets/motifs-pinterest/corpus-1024/motif-278-par2-yang-yang-mut-n22-violet-magenta.png,https://anibal-amiot.com/motifs/par2-yang-yin-mut-h22.html,Tricolore Pavage — Pattern Yang Yin Mutable n22 — La Livrée d'Hermès | Sacred Geometry Design,non
181,a_programmer,2026-11-15T08:00,corpus-1024-cellule,motif-662-par2-yang-yang-mut-n22-violet-magenta.png,https://anibal-amiot.com/assets/motifs-pinterest/corpus-1024-cellule/motif-662-par2-yang-yang-mut-n22-violet-magenta.png,https://anibal-amiot.com/motifs/par2-yin-yang-mut-h22.html,Tricolore Cellule — Pattern Yin Yang Mutable n22 — La Livrée d'Hermès | Sacred Geometry Design,oui
182,a_programmer,2026-11-15T11:00,corpus-1024-monochrome,motif-406-par2-yang-yang-mut-n22-violet-magenta.png,https://anibal-amiot.com/assets/motifs-pinterest/corpus-1024-monochrome/motif-406-par2-yang-yang-mut-n22-violet-magenta.png,https://anibal-amiot.com/motifs/par2-yin-mut-yang-mut-h22.html,Grisaille Pavage — Pattern Yin Yang Mutable Pair n22 — La Livrée d'Hermès | Sacred Geometry Design,oui
183,a_programmer,2026-11-15T14:00,corpus-1024-cellule-monochrome,motif-790-par3-yang-yang-mut-n22-violet-magenta.png,https://anibal-amiot.com/assets/motifs-pinterest/corpus-1024-cellule-monochrome/motif-790-par3-yang-yang-mut-n22-violet-magenta.png,https://anibal-amiot.com/motifs/par3-sans-yang-h22.html,Grisaille Cellule — Pattern Without Yang n22 — La Livrée d'Hermès | Sacred Geometry Design,oui
184,a_programmer,2026-11-15T17:00,corpus-1024,motif-918-par3-yang-yang-mut-n22-violet-magenta.png,https://anibal-amiot.com/assets/motifs-pinterest/corpus-1024/motif-918-par3-yang-yang-mut-n22-violet-magenta.png,https://anibal-amiot.com/motifs/par3-sans-yang-mut-h22.html,Tricolore Pavage — Pattern Without Yang Mutable n22 — La Livrée d'Hermès | Sacred Geometry Design,non
185,a_programmer,2026-11-16T08:00,corpus-1024-cellule,motif-151-bases-yang-yang-mut-n23-violet-magenta.png,https://anibal-amiot.com/assets/motifs-pinterest/corpus-1024-cellule/motif-151-bases-yang-yang-mut-n23-violet-magenta.png,https://anibal-amiot.com/motifs/bases-yang-h23.html,Tricolore Cellule — Pattern Yang n23 — La Livrée d'Hermès | Sacred Geometry Design,oui
186,a_programmer,2026-11-16T11:00,corpus-1024-monochrome,motif-023-bases-yang-yang-mut-n23-violet-magenta.png,https://anibal-amiot.com/assets/motifs-pinterest/corpus-1024-monochrome/motif-023-bases-yang-yang-mut-n23-violet-magenta.png,https://anibal-amiot.com/motifs/bases-yang-mut-h23.html,Grisaille Pavage — Pattern Yang Mutable n23 — La Livrée d'Hermès | Sacred Geometry Design,oui
187,a_programmer,2026-11-16T14:00,corpus-1024-cellule-monochrome,motif-535-par2-yang-yang-mut-n23-violet-magenta.png,https://anibal-amiot.com/assets/motifs-pinterest/corpus-1024-cellule-monochrome/motif-535-par2-yang-yang-mut-n23-violet-magenta.png,https://anibal-amiot.com/motifs/par2-yin-yang-h23.html,Grisaille Cellule — Pattern Yin Yang n23 — La Livrée d'Hermès | Sacred Geometry Design,oui
188,a_programmer,2026-11-16T17:00,corpus-1024,motif-279-par2-yang-yang-mut-n23-violet-magenta.png,https://anibal-amiot.com/assets/motifs-pinterest/corpus-1024/motif-279-par2-yang-yang-mut-n23-violet-magenta.png,https://anibal-amiot.com/motifs/par2-yang-yin-mut-h23.html,Tricolore Pavage — Pattern Yang Yin Mutable n23 — La Livrée d'Hermès | Sacred Geometry Design,non
189,a_programmer,2026-11-17T08:00,corpus-1024-cellule,motif-663-par2-yang-yang-mut-n23-violet-magenta.png,https://anibal-amiot.com/assets/motifs-pinterest/corpus-1024-cellule/motif-663-par2-yang-yang-mut-n23-violet-magenta.png,https://anibal-amiot.com/motifs/par2-yin-yang-mut-h23.html,Tricolore Cellule — Pattern Yin Yang Mutable n23 — La Livrée d'Hermès | Sacred Geometry Design,oui
190,a_programmer,2026-11-17T11:00,corpus-1024-monochrome,motif-407-par2-yang-yang-mut-n23-violet-magenta.png,https://anibal-amiot.com/assets/motifs-pinterest/corpus-1024-monochrome/motif-407-par2-yang-yang-mut-n23-violet-magenta.png,https://anibal-amiot.com/motifs/par2-yin-mut-yang-mut-h23.html,Grisaille Pavage — Pattern Yin Yang Mutable Pair n23 — La Livrée d'Hermès | Sacred Geometry Design,oui
191,a_programmer,2026-11-17T14:00,corpus-1024-cellule-monochrome,motif-791-par3-yang-yang-mut-n23-violet-magenta.png,https://anibal-amiot.com/assets/motifs-pinterest/corpus-1024-cellule-monochrome/motif-791-par3-yang-yang-mut-n23-violet-magenta.png,https://anibal-amiot.com/motifs/par3-sans-yang-h23.html,Grisaille Cellule — Pattern Without Yang n23 — La Livrée d'Hermès | Sacred Geometry Design,oui
192,a_programmer,2026-11-17T17:00,corpus-1024,motif-919-par3-yang-yang-mut-n23-violet-magenta.png,https://anibal-amiot.com/assets/motifs-pinterest/corpus-1024/motif-919-par3-yang-yang-mut-n23-violet-magenta.png,https://anibal-amiot.com/motifs/par3-sans-yang-mut-h23.html,Tricolore Pavage — Pattern Without Yang Mutable n23 — La Livrée d'Hermès | Sacred Geometry Design,non
193,a_programmer,2026-11-18T08:00,corpus-1024-cellule,motif-152-bases-yang-yang-mut-n24-violet-magenta.png,https://anibal-amiot.com/assets/motifs-pinterest/corpus-1024-cellule/motif-152-bases-yang-yang-mut-n24-violet-magenta.png,https://anibal-amiot.com/motifs/bases-yang-h24.html,Tricolore Cellule — Pattern Yang n24 — La Livrée d'Hermès | Sacred Geometry Design,oui
194,a_programmer,2026-11-18T11:00,corpus-1024-monochrome,motif-024-bases-yang-yang-mut-n24-violet-magenta.png,https://anibal-amiot.com/assets/motifs-pinterest/corpus-1024-monochrome/motif-024-bases-yang-yang-mut-n24-violet-magenta.png,https://anibal-amiot.com/motifs/bases-yang-mut-h24.html,Grisaille Pavage — Pattern Yang Mutable n24 — La Livrée d'Hermès | Sacred Geometry Design,oui
195,a_programmer,2026-11-18T14:00,corpus-1024-cellule-monochrome,motif-536-par2-yang-yang-mut-n24-violet-magenta.png,https://anibal-amiot.com/assets/motifs-pinterest/corpus-1024-cellule-monochrome/motif-536-par2-yang-yang-mut-n24-violet-magenta.png,https://anibal-amiot.com/motifs/par2-yin-yang-h24.html,Grisaille Cellule — Pattern Yin Yang n24 — La Livrée d'Hermès | Sacred Geometry Design,oui
196,a_programmer,2026-11-18T17:00,corpus-1024,motif-280-par2-yang-yang-mut-n24-violet-magenta.png,https://anibal-amiot.com/assets/motifs-pinterest/corpus-1024/motif-280-par2-yang-yang-mut-n24-violet-magenta.png,https://anibal-amiot.com/motifs/par2-yang-yin-mut-h24.html,Tricolore Pavage — Pattern Yang Yin Mutable n24 — La Livrée d'Hermès | Sacred Geometry Design,non
197,a_programmer,2026-11-19T08:00,corpus-1024-cellule,motif-664-par2-yang-yang-mut-n24-violet-magenta.png,https://anibal-amiot.com/assets/motifs-pinterest/corpus-1024-cellule/motif-664-par2-yang-yang-mut-n24-violet-magenta.png,https://anibal-amiot.com/motifs/par2-yin-yang-mut-h24.html,Tricolore Cellule — Pattern Yin Yang Mutable n24 — La Livrée d'Hermès | Sacred Geometry Design,oui
198,a_programmer,2026-11-19T11:00,corpus-1024-monochrome,motif-408-par2-yang-yang-mut-n24-violet-magenta.png,https://anibal-amiot.com/assets/motifs-pinterest/corpus-1024-monochrome/motif-408-par2-yang-yang-mut-n24-violet-magenta.png,https://anibal-amiot.com/motifs/par2-yin-mut-yang-mut-h24.html,Grisaille Pavage — Pattern Yin Yang Mutable Pair n24 — La Livrée d'Hermès | Sacred Geometry Design,oui
199,a_programmer,2026-11-19T14:00,corpus-1024-cellule-monochrome,motif-792-par3-yang-yang-mut-n24-violet-magenta.png,https://anibal-amiot.com/assets/motifs-pinterest/corpus-1024-cellule-monochrome/motif-792-par3-yang-yang-mut-n24-violet-magenta.png,https://anibal-amiot.com/motifs/par3-sans-yang-h24.html,Grisaille Cellule — Pattern Without Yang n24 — La Livrée d'Hermès | Sacred Geometry Design,oui
200,a_programmer,2026-11-19T17:00,corpus-1024,motif-920-par3-yang-yang-mut-n24-violet-magenta.png,https://anibal-amiot.com/assets/motifs-pinterest/corpus-1024/motif-920-par3-yang-yang-mut-n24-violet-magenta.png,https://anibal-amiot.com/motifs/par3-sans-yang-mut-h24.html,Tricolore Pavage — Pattern Without Yang Mutable n24 — La Livrée d'Hermès | Sacred Geometry Design,non
201,a_programmer,2026-11-20T08:00,corpus-1024-cellule,motif-153-bases-yang-yang-mut-n25-violet-magenta.png,https://anibal-amiot.com/assets/motifs-pinterest/corpus-1024-cellule/motif-153-bases-yang-yang-mut-n25-violet-magenta.png,https://anibal-amiot.com/motifs/bases-yang-h25.html,Tricolore Cellule — Pattern Yang n25 — La Livrée d'Hermès | Sacred Geometry Design,oui
202,a_programmer,2026-11-20T11:00,corpus-1024-monochrome,motif-025-bases-yang-yang-mut-n25-violet-magenta.png,https://anibal-amiot.com/assets/motifs-pinterest/corpus-1024-monochrome/motif-025-bases-yang-yang-mut-n25-violet-magenta.png,https://anibal-amiot.com/motifs/bases-yang-mut-h25.html,Grisaille Pavage — Pattern Yang Mutable n25 — La Livrée d'Hermès | Sacred Geometry Design,oui
203,a_programmer,2026-11-20T14:00,corpus-1024-cellule-monochrome,motif-537-par2-yang-yang-mut-n25-violet-magenta.png,https://anibal-amiot.com/assets/motifs-pinterest/corpus-1024-cellule-monochrome/motif-537-par2-yang-yang-mut-n25-violet-magenta.png,https://anibal-amiot.com/motifs/par2-yin-yang-h25.html,Grisaille Cellule — Pattern Yin Yang n25 — La Livrée d'Hermès | Sacred Geometry Design,oui
204,a_programmer,2026-11-20T17:00,corpus-1024,motif-281-par2-yang-yang-mut-n25-violet-magenta.png,https://anibal-amiot.com/assets/motifs-pinterest/corpus-1024/motif-281-par2-yang-yang-mut-n25-violet-magenta.png,https://anibal-amiot.com/motifs/par2-yang-yin-mut-h25.html,Tricolore Pavage — Pattern Yang Yin Mutable n25 — La Livrée d'Hermès | Sacred Geometry Design,non
205,a_programmer,2026-11-21T08:00,corpus-1024-cellule,motif-665-par2-yang-yang-mut-n25-violet-magenta.png,https://anibal-amiot.com/assets/motifs-pinterest/corpus-1024-cellule/motif-665-par2-yang-yang-mut-n25-violet-magenta.png,https://anibal-amiot.com/motifs/par2-yin-yang-mut-h25.html,Tricolore Cellule — Pattern Yin Yang Mutable n25 — La Livrée d'Hermès | Sacred Geometry Design,oui
206,a_programmer,2026-11-21T11:00,corpus-1024-monochrome,motif-409-par2-yang-yang-mut-n25-violet-magenta.png,https://anibal-amiot.com/assets/motifs-pinterest/corpus-1024-monochrome/motif-409-par2-yang-yang-mut-n25-violet-magenta.png,https://anibal-amiot.com/motifs/par2-yin-mut-yang-mut-h25.html,Grisaille Pavage — Pattern Yin Yang Mutable Pair n25 — La Livrée d'Hermès | Sacred Geometry Design,oui
207,a_programmer,2026-11-21T14:00,corpus-1024-cellule-monochrome,motif-793-par3-yang-yang-mut-n25-violet-magenta.png,https://anibal-amiot.com/assets/motifs-pinterest/corpus-1024-cellule-monochrome/motif-793-par3-yang-yang-mut-n25-violet-magenta.png,https://anibal-amiot.com/motifs/par3-sans-yang-h25.html,Grisaille Cellule — Pattern Without Yang n25 — La Livrée d'Hermès | Sacred Geometry Design,oui
208,a_programmer,2026-11-21T17:00,corpus-1024,motif-921-par3-yang-yang-mut-n25-violet-magenta.png,https://anibal-amiot.com/assets/motifs-pinterest/corpus-1024/motif-921-par3-yang-yang-mut-n25-violet-magenta.png,https://anibal-amiot.com/motifs/par3-sans-yang-mut-h25.html,Tricolore Pavage — Pattern Without Yang Mutable n25 — La Livrée d'Hermès | Sacred Geometry Design,non
209,a_programmer,2026-11-22T08:00,corpus-1024-cellule,motif-154-bases-yang-yang-mut-n26-violet-magenta.png,https://anibal-amiot.com/assets/motifs-pinterest/corpus-1024-cellule/motif-154-bases-yang-yang-mut-n26-violet-magenta.png,https://anibal-amiot.com/motifs/bases-yang-h26.html,Tricolore Cellule — Pattern Yang n26 — La Livrée d'Hermès | Sacred Geometry Design,oui
210,a_programmer,2026-11-22T11:00,corpus-1024-monochrome,motif-026-bases-yang-yang-mut-n26-violet-magenta.png,https://anibal-amiot.com/assets/motifs-pinterest/corpus-1024-monochrome/motif-026-bases-yang-yang-mut-n26-violet-magenta.png,https://anibal-amiot.com/motifs/bases-yang-mut-h26.html,Grisaille Pavage — Pattern Yang Mutable n26 — La Livrée d'Hermès | Sacred Geometry Design,oui
211,a_programmer,2026-11-22T14:00,corpus-1024-cellule-monochrome,motif-538-par2-yang-yang-mut-n26-violet-magenta.png,https://anibal-amiot.com/assets/motifs-pinterest/corpus-1024-cellule-monochrome/motif-538-par2-yang-yang-mut-n26-violet-magenta.png,https://anibal-amiot.com/motifs/par2-yin-yang-h26.html,Grisaille Cellule — Pattern Yin Yang n26 — La Livrée d'Hermès | Sacred Geometry Design,oui
212,a_programmer,2026-11-22T17:00,corpus-1024,motif-282-par2-yang-yang-mut-n26-violet-magenta.png,https://anibal-amiot.com/assets/motifs-pinterest/corpus-1024/motif-282-par2-yang-yang-mut-n26-violet-magenta.png,https://anibal-amiot.com/motifs/par2-yang-yin-mut-h26.html,Tricolore Pavage — Pattern Yang Yin Mutable n26 — La Livrée d'Hermès | Sacred Geometry Design,non
213,a_programmer,2026-11-23T08:00,corpus-1024-cellule,motif-666-par2-yang-yang-mut-n26-violet-magenta.png,https://anibal-amiot.com/assets/motifs-pinterest/corpus-1024-cellule/motif-666-par2-yang-yang-mut-n26-violet-magenta.png,https://anibal-amiot.com/motifs/par2-yin-yang-mut-h26.html,Tricolore Cellule — Pattern Yin Yang Mutable n26 — La Livrée d'Hermès | Sacred Geometry Design,oui
214,a_programmer,2026-11-23T11:00,corpus-1024-monochrome,motif-410-par2-yang-yang-mut-n26-violet-magenta.png,https://anibal-amiot.com/assets/motifs-pinterest/corpus-1024-monochrome/motif-410-par2-yang-yang-mut-n26-violet-magenta.png,https://anibal-amiot.com/motifs/par2-yin-mut-yang-mut-h26.html,Grisaille Pavage — Pattern Yin Yang Mutable Pair n26 — La Livrée d'Hermès | Sacred Geometry Design,oui
215,a_programmer,2026-11-23T14:00,corpus-1024-cellule-monochrome,motif-794-par3-yang-yang-mut-n26-violet-magenta.png,https://anibal-amiot.com/assets/motifs-pinterest/corpus-1024-cellule-monochrome/motif-794-par3-yang-yang-mut-n26-violet-magenta.png,https://anibal-amiot.com/motifs/par3-sans-yang-h26.html,Grisaille Cellule — Pattern Without Yang n26 — La Livrée d'Hermès | Sacred Geometry Design,oui
216,a_programmer,2026-11-23T17:00,corpus-1024,motif-922-par3-yang-yang-mut-n26-violet-magenta.png,https://anibal-amiot.com/assets/motifs-pinterest/corpus-1024/motif-922-par3-yang-yang-mut-n26-violet-magenta.png,https://anibal-amiot.com/motifs/par3-sans-yang-mut-h26.html,Tricolore Pavage — Pattern Without Yang Mutable n26 — La Livrée d'Hermès | Sacred Geometry Design,non
217,a_programmer,2026-11-24T08:00,corpus-1024-cellule,motif-155-bases-yang-yang-mut-n27-violet-magenta.png,https://anibal-amiot.com/assets/motifs-pinterest/corpus-1024-cellule/motif-155-bases-yang-yang-mut-n27-violet-magenta.png,https://anibal-amiot.com/motifs/bases-yang-h27.html,Tricolore Cellule — Pattern Yang n27 — La Livrée d'Hermès | Sacred Geometry Design,oui
218,a_programmer,2026-11-24T11:00,corpus-1024-monochrome,motif-027-bases-yang-yang-mut-n27-violet-magenta.png,https://anibal-amiot.com/assets/motifs-pinterest/corpus-1024-monochrome/motif-027-bases-yang-yang-mut-n27-violet-magenta.png,https://anibal-amiot.com/motifs/bases-yang-mut-h27.html,Grisaille Pavage — Pattern Yang Mutable n27 — La Livrée d'Hermès | Sacred Geometry Design,oui
219,a_programmer,2026-11-24T14:00,corpus-1024-cellule-monochrome,motif-539-par2-yang-yang-mut-n27-violet-magenta.png,https://anibal-amiot.com/assets/motifs-pinterest/corpus-1024-cellule-monochrome/motif-539-par2-yang-yang-mut-n27-violet-magenta.png,https://anibal-amiot.com/motifs/par2-yin-yang-h27.html,Grisaille Cellule — Pattern Yin Yang n27 — La Livrée d'Hermès | Sacred Geometry Design,oui
220,a_programmer,2026-11-24T17:00,corpus-1024,motif-283-par2-yang-yang-mut-n27-violet-magenta.png,https://anibal-amiot.com/assets/motifs-pinterest/corpus-1024/motif-283-par2-yang-yang-mut-n27-violet-magenta.png,https://anibal-amiot.com/motifs/par2-yang-yin-mut-h27.html,Tricolore Pavage — Pattern Yang Yin Mutable n27 — La Livrée d'Hermès | Sacred Geometry Design,non
221,a_programmer,2026-11-25T08:00,corpus-1024-cellule,motif-667-par2-yang-yang-mut-n27-violet-magenta.png,https://anibal-amiot.com/assets/motifs-pinterest/corpus-1024-cellule/motif-667-par2-yang-yang-mut-n27-violet-magenta.png,https://anibal-amiot.com/motifs/par2-yin-yang-mut-h27.html,Tricolore Cellule — Pattern Yin Yang Mutable n27 — La Livrée d'Hermès | Sacred Geometry Design,oui
222,a_programmer,2026-11-25T11:00,corpus-1024-monochrome,motif-411-par2-yang-yang-mut-n27-violet-magenta.png,https://anibal-amiot.com/assets/motifs-pinterest/corpus-1024-monochrome/motif-411-par2-yang-yang-mut-n27-violet-magenta.png,https://anibal-amiot.com/motifs/par2-yin-mut-yang-mut-h27.html,Grisaille Pavage — Pattern Yin Yang Mutable Pair n27 — La Livrée d'Hermès | Sacred Geometry Design,oui
223,a_programmer,2026-11-25T14:00,corpus-1024-cellule-monochrome,motif-795-par3-yang-yang-mut-n27-violet-magenta.png,https://anibal-amiot.com/assets/motifs-pinterest/corpus-1024-cellule-monochrome/motif-795-par3-yang-yang-mut-n27-violet-magenta.png,https://anibal-amiot.com/motifs/par3-sans-yang-h27.html,Grisaille Cellule — Pattern Without Yang n27 — La Livrée d'Hermès | Sacred Geometry Design,oui
224,a_programmer,2026-11-25T17:00,corpus-1024,motif-923-par3-yang-yang-mut-n27-violet-magenta.png,https://anibal-amiot.com/assets/motifs-pinterest/corpus-1024/motif-923-par3-yang-yang-mut-n27-violet-magenta.png,https://anibal-amiot.com/motifs/par3-sans-yang-mut-h27.html,Tricolore Pavage — Pattern Without Yang Mutable n27 — La Livrée d'Hermès | Sacred Geometry Design,non
225,a_programmer,2026-11-26T08:00,corpus-1024-cellule,motif-156-bases-yang-yang-mut-n28-violet-magenta.png,https://anibal-amiot.com/assets/motifs-pinterest/corpus-1024-cellule/motif-156-bases-yang-yang-mut-n28-violet-magenta.png,https://anibal-amiot.com/motifs/bases-yang-h28.html,Tricolore Cellule — Pattern Yang n28 — La Livrée d'Hermès | Sacred Geometry Design,oui
226,a_programmer,2026-11-26T11:00,corpus-1024-monochrome,motif-028-bases-yang-yang-mut-n28-violet-magenta.png,https://anibal-amiot.com/assets/motifs-pinterest/corpus-1024-monochrome/motif-028-bases-yang-yang-mut-n28-violet-magenta.png,https://anibal-amiot.com/motifs/bases-yang-mut-h28.html,Grisaille Pavage — Pattern Yang Mutable n28 — La Livrée d'Hermès | Sacred Geometry Design,oui
227,a_programmer,2026-11-26T14:00,corpus-1024-cellule-monochrome,motif-540-par2-yang-yang-mut-n28-violet-magenta.png,https://anibal-amiot.com/assets/motifs-pinterest/corpus-1024-cellule-monochrome/motif-540-par2-yang-yang-mut-n28-violet-magenta.png,https://anibal-amiot.com/motifs/par2-yin-yang-h28.html,Grisaille Cellule — Pattern Yin Yang n28 — La Livrée d'Hermès | Sacred Geometry Design,oui
228,a_programmer,2026-11-26T17:00,corpus-1024,motif-284-par2-yang-yang-mut-n28-violet-magenta.png,https://anibal-amiot.com/assets/motifs-pinterest/corpus-1024/motif-284-par2-yang-yang-mut-n28-violet-magenta.png,https://anibal-amiot.com/motifs/par2-yang-yin-mut-h28.html,Tricolore Pavage — Pattern Yang Yin Mutable n28 — La Livrée d'Hermès | Sacred Geometry Design,non
229,a_programmer,2026-11-27T08:00,corpus-1024-cellule,motif-668-par2-yang-yang-mut-n28-violet-magenta.png,https://anibal-amiot.com/assets/motifs-pinterest/corpus-1024-cellule/motif-668-par2-yang-yang-mut-n28-violet-magenta.png,https://anibal-amiot.com/motifs/par2-yin-yang-mut-h28.html,Tricolore Cellule — Pattern Yin Yang Mutable n28 — La Livrée d'Hermès | Sacred Geometry Design,oui
230,a_programmer,2026-11-27T11:00,corpus-1024-monochrome,motif-412-par2-yang-yang-mut-n28-violet-magenta.png,https://anibal-amiot.com/assets/motifs-pinterest/corpus-1024-monochrome/motif-412-par2-yang-yang-mut-n28-violet-magenta.png,https://anibal-amiot.com/motifs/par2-yin-mut-yang-mut-h28.html,Grisaille Pavage — Pattern Yin Yang Mutable Pair n28 — La Livrée d'Hermès | Sacred Geometry Design,oui
231,a_programmer,2026-11-27T14:00,corpus-1024-cellule-monochrome,motif-796-par3-yang-yang-mut-n28-violet-magenta.png,https://anibal-amiot.com/assets/motifs-pinterest/corpus-1024-cellule-monochrome/motif-796-par3-yang-yang-mut-n28-violet-magenta.png,https://anibal-amiot.com/motifs/par3-sans-yang-h28.html,Grisaille Cellule — Pattern Without Yang n28 — La Livrée d'Hermès | Sacred Geometry Design,oui
232,a_programmer,2026-11-27T17:00,corpus-1024,motif-924-par3-yang-yang-mut-n28-violet-magenta.png,https://anibal-amiot.com/assets/motifs-pinterest/corpus-1024/motif-924-par3-yang-yang-mut-n28-violet-magenta.png,https://anibal-amiot.com/motifs/par3-sans-yang-mut-h28.html,Tricolore Pavage — Pattern Without Yang Mutable n28 — La Livrée d'Hermès | Sacred Geometry Design,non
233,a_programmer,2026-11-28T08:00,corpus-1024-cellule,motif-157-bases-yang-yang-mut-n29-violet-magenta.png,https://anibal-amiot.com/assets/motifs-pinterest/corpus-1024-cellule/motif-157-bases-yang-yang-mut-n29-violet-magenta.png,https://anibal-amiot.com/motifs/bases-yang-h29.html,Tricolore Cellule — Pattern Yang n29 — La Livrée d'Hermès | Sacred Geometry Design,oui
234,a_programmer,2026-11-28T11:00,corpus-1024-monochrome,motif-029-bases-yang-yang-mut-n29-violet-magenta.png,https://anibal-amiot.com/assets/motifs-pinterest/corpus-1024-monochrome/motif-029-bases-yang-yang-mut-n29-violet-magenta.png,https://anibal-amiot.com/motifs/bases-yang-mut-h29.html,Grisaille Pavage — Pattern Yang Mutable n29 — La Livrée d'Hermès | Sacred Geometry Design,oui
235,a_programmer,2026-11-28T14:00,corpus-1024-cellule-monochrome,motif-541-par2-yang-yang-mut-n29-violet-magenta.png,https://anibal-amiot.com/assets/motifs-pinterest/corpus-1024-cellule-monochrome/motif-541-par2-yang-yang-mut-n29-violet-magenta.png,https://anibal-amiot.com/motifs/par2-yin-yang-h29.html,Grisaille Cellule — Pattern Yin Yang n29 — La Livrée d'Hermès | Sacred Geometry Design,oui
236,a_programmer,2026-11-28T17:00,corpus-1024,motif-285-par2-yang-yang-mut-n29-violet-magenta.png,https://anibal-amiot.com/assets/motifs-pinterest/corpus-1024/motif-285-par2-yang-yang-mut-n29-violet-magenta.png,https://anibal-amiot.com/motifs/par2-yang-yin-mut-h29.html,Tricolore Pavage — Pattern Yang Yin Mutable n29 — La Livrée d'Hermès | Sacred Geometry Design,non
237,a_programmer,2026-11-29T08:00,corpus-1024-cellule,motif-669-par2-yang-yang-mut-n29-violet-magenta.png,https://anibal-amiot.com/assets/motifs-pinterest/corpus-1024-cellule/motif-669-par2-yang-yang-mut-n29-violet-magenta.png,https://anibal-amiot.com/motifs/par2-yin-yang-mut-h29.html,Tricolore Cellule — Pattern Yin Yang Mutable n29 — La Livrée d'Hermès | Sacred Geometry Design,oui
238,a_programmer,2026-11-29T11:00,corpus-1024-monochrome,motif-413-par2-yang-yang-mut-n29-violet-magenta.png,https://anibal-amiot.com/assets/motifs-pinterest/corpus-1024-monochrome/motif-413-par2-yang-yang-mut-n29-violet-magenta.png,https://anibal-amiot.com/motifs/par2-yin-mut-yang-mut-h29.html,Grisaille Pavage — Pattern Yin Yang Mutable Pair n29 — La Livrée d'Hermès | Sacred Geometry Design,oui
239,a_programmer,2026-11-29T14:00,corpus-1024-cellule-monochrome,motif-797-par3-yang-yang-mut-n29-violet-magenta.png,https://anibal-amiot.com/assets/motifs-pinterest/corpus-1024-cellule-monochrome/motif-797-par3-yang-yang-mut-n29-violet-magenta.png,https://anibal-amiot.com/motifs/par3-sans-yang-h29.html,Grisaille Cellule — Pattern Without Yang n29 — La Livrée d'Hermès | Sacred Geometry Design,oui
240,a_programmer,2026-11-29T17:00,corpus-1024,motif-925-par3-yang-yang-mut-n29-violet-magenta.png,https://anibal-amiot.com/assets/motifs-pinterest/corpus-1024/motif-925-par3-yang-yang-mut-n29-violet-magenta.png,https://anibal-amiot.com/motifs/par3-sans-yang-mut-h29.html,Tricolore Pavage — Pattern Without Yang Mutable n29 — La Livrée d'Hermès | Sacred Geometry Design,non
241,a_programmer,2026-11-30T08:00,corpus-1024-cellule,motif-158-bases-yang-yang-mut-n30-violet-magenta.png,https://anibal-amiot.com/assets/motifs-pinterest/corpus-1024-cellule/motif-158-bases-yang-yang-mut-n30-violet-magenta.png,https://anibal-amiot.com/motifs/bases-yang-h30.html,Tricolore Cellule — Pattern Yang n30 — La Livrée d'Hermès | Sacred Geometry Design,oui
242,a_programmer,2026-11-30T11:00,corpus-1024-monochrome,motif-030-bases-yang-yang-mut-n30-violet-magenta.png,https://anibal-amiot.com/assets/motifs-pinterest/corpus-1024-monochrome/motif-030-bases-yang-yang-mut-n30-violet-magenta.png,https://anibal-amiot.com/motifs/bases-yang-mut-h30.html,Grisaille Pavage — Pattern Yang Mutable n30 — La Livrée d'Hermès | Sacred Geometry Design,oui
243,a_programmer,2026-11-30T14:00,corpus-1024-cellule-monochrome,motif-542-par2-yang-yang-mut-n30-violet-magenta.png,https://anibal-amiot.com/assets/motifs-pinterest/corpus-1024-cellule-monochrome/motif-542-par2-yang-yang-mut-n30-violet-magenta.png,https://anibal-amiot.com/motifs/par2-yin-yang-h30.html,Grisaille Cellule — Pattern Yin Yang n30 — La Livrée d'Hermès | Sacred Geometry Design,oui
244,a_programmer,2026-11-30T17:00,corpus-1024,motif-286-par2-yang-yang-mut-n30-violet-magenta.png,https://anibal-amiot.com/assets/motifs-pinterest/corpus-1024/motif-286-par2-yang-yang-mut-n30-violet-magenta.png,https://anibal-amiot.com/motifs/par2-yang-yin-mut-h30.html,Tricolore Pavage — Pattern Yang Yin Mutable n30 — La Livrée d'Hermès | Sacred Geometry Design,non
245,a_programmer,2026-12-01T08:00,corpus-1024-cellule,motif-670-par2-yang-yang-mut-n30-violet-magenta.png,https://anibal-amiot.com/assets/motifs-pinterest/corpus-1024-cellule/motif-670-par2-yang-yang-mut-n30-violet-magenta.png,https://anibal-amiot.com/motifs/par2-yin-yang-mut-h30.html,Tricolore Cellule — Pattern Yin Yang Mutable n30 — La Livrée d'Hermès | Sacred Geometry Design,oui
246,a_programmer,2026-12-01T11:00,corpus-1024-monochrome,motif-414-par2-yang-yang-mut-n30-violet-magenta.png,https://anibal-amiot.com/assets/motifs-pinterest/corpus-1024-monochrome/motif-414-par2-yang-yang-mut-n30-violet-magenta.png,https://anibal-amiot.com/motifs/par2-yin-mut-yang-mut-h30.html,Grisaille Pavage — Pattern Yin Yang Mutable Pair n30 — La Livrée d'Hermès | Sacred Geometry Design,oui
247,a_programmer,2026-12-01T14:00,corpus-1024-cellule-monochrome,motif-798-par3-yang-yang-mut-n30-violet-magenta.png,https://anibal-amiot.com/assets/motifs-pinterest/corpus-1024-cellule-monochrome/motif-798-par3-yang-yang-mut-n30-violet-magenta.png,https://anibal-amiot.com/motifs/par3-sans-yang-h30.html,Grisaille Cellule — Pattern Without Yang n30 — La Livrée d'Hermès | Sacred Geometry Design,oui
248,a_programmer,2026-12-01T17:00,corpus-1024,motif-926-par3-yang-yang-mut-n30-violet-magenta.png,https://anibal-amiot.com/assets/motifs-pinterest/corpus-1024/motif-926-par3-yang-yang-mut-n30-violet-magenta.png,https://anibal-amiot.com/motifs/par3-sans-yang-mut-h30.html,Tricolore Pavage — Pattern Without Yang Mutable n30 — La Livrée d'Hermès | Sacred Geometry Design,non
249,a_programmer,2026-12-02T08:00,corpus-1024-cellule,motif-159-bases-yang-yang-mut-n31-violet-magenta.png,https://anibal-amiot.com/assets/motifs-pinterest/corpus-1024-cellule/motif-159-bases-yang-yang-mut-n31-violet-magenta.png,https://anibal-amiot.com/motifs/bases-yang-h31.html,Tricolore Cellule — Pattern Yang n31 — La Livrée d'Hermès | Sacred Geometry Design,oui
250,a_programmer,2026-12-02T11:00,corpus-1024-monochrome,motif-031-bases-yang-yang-mut-n31-violet-magenta.png,https://anibal-amiot.com/assets/motifs-pinterest/corpus-1024-monochrome/motif-031-bases-yang-yang-mut-n31-violet-magenta.png,https://anibal-amiot.com/motifs/bases-yang-mut-h31.html,Grisaille Pavage — Pattern Yang Mutable n31 — La Livrée d'Hermès | Sacred Geometry Design,oui
251,a_programmer,2026-12-02T14:00,corpus-1024-cellule-monochrome,motif-543-par2-yang-yang-mut-n31-violet-magenta.png,https://anibal-amiot.com/assets/motifs-pinterest/corpus-1024-cellule-monochrome/motif-543-par2-yang-yang-mut-n31-violet-magenta.png,https://anibal-amiot.com/motifs/par2-yin-yang-h31.html,Grisaille Cellule — Pattern Yin Yang n31 — La Livrée d'Hermès | Sacred Geometry Design,oui
252,a_programmer,2026-12-02T17:00,corpus-1024,motif-287-par2-yang-yang-mut-n31-violet-magenta.png,https://anibal-amiot.com/assets/motifs-pinterest/corpus-1024/motif-287-par2-yang-yang-mut-n31-violet-magenta.png,https://anibal-amiot.com/motifs/par2-yang-yin-mut-h31.html,Tricolore Pavage — Pattern Yang Yin Mutable n31 — La Livrée d'Hermès | Sacred Geometry Design,non
253,a_programmer,2026-12-03T08:00,corpus-1024-cellule,motif-671-par2-yang-yang-mut-n31-violet-magenta.png,https://anibal-amiot.com/assets/motifs-pinterest/corpus-1024-cellule/motif-671-par2-yang-yang-mut-n31-violet-magenta.png,https://anibal-amiot.com/motifs/par2-yin-yang-mut-h31.html,Tricolore Cellule — Pattern Yin Yang Mutable n31 — La Livrée d'Hermès | Sacred Geometry Design,oui
254,a_programmer,2026-12-03T11:00,corpus-1024-monochrome,motif-415-par2-yang-yang-mut-n31-violet-magenta.png,https://anibal-amiot.com/assets/motifs-pinterest/corpus-1024-monochrome/motif-415-par2-yang-yang-mut-n31-violet-magenta.png,https://anibal-amiot.com/motifs/par2-yin-mut-yang-mut-h31.html,Grisaille Pavage — Pattern Yin Yang Mutable Pair n31 — La Livrée d'Hermès | Sacred Geometry Design,oui
255,a_programmer,2026-12-03T14:00,corpus-1024-cellule-monochrome,motif-799-par3-yang-yang-mut-n31-violet-magenta.png,https://anibal-amiot.com/assets/motifs-pinterest/corpus-1024-cellule-monochrome/motif-799-par3-yang-yang-mut-n31-violet-magenta.png,https://anibal-amiot.com/motifs/par3-sans-yang-h31.html,Grisaille Cellule — Pattern Without Yang n31 — La Livrée d'Hermès | Sacred Geometry Design,oui
256,a_programmer,2026-12-03T17:00,corpus-1024,motif-927-par3-yang-yang-mut-n31-violet-magenta.png,https://anibal-amiot.com/assets/motifs-pinterest/corpus-1024/motif-927-par3-yang-yang-mut-n31-violet-magenta.png,https://anibal-amiot.com/motifs/par3-sans-yang-mut-h31.html,Tricolore Pavage — Pattern Without Yang Mutable n31 — La Livrée d'Hermès | Sacred Geometry Design,non
